,id,doy,dem,aspect,slope,lst,pop,wv,year,month,day
631107,54437,311,18.17318916,209.9115981,0.058694301,8.399902344,3.311783314,0.933,2014,11,8
670034,54501,263,445.3742371,104.9459385,2.342985258,16.05004883,2.053431273,2.0595,2013,9,21
38162,53491,325,825.5666504,37.67541234,1.20094818,-1.5,20.30246735,0.41,2014,11,22
645022,54452,45,359.6134033,80.31791763,0.268897325,-6,9.558851242,0.244,2012,2,15
334321,53888,89,1109.131592,41.17011363,0.92762042,6.850097656,20.05497742,0.52,2007,3,31
642867,54452,152,359.6134033,80.31791763,0.268897325,20.5,9.264121056,1.6175,2020,6,1
1034116,54700,46,17.60218811,6.143684526,0.0176074,-1.149902344,4.767672062,0.245,2013,2,16
468570,53993,336,54.1350708,82.22449734,0.030065204,2.850097656,16.19123077,0.3845,2004,12,2
895707,54609,37,23.64011383,175.6762153,0.009159718,-5.649902344,5.188914776,0.2035,2019,2,7
169547,53694,206,126.1332779,13.48280629,0.424777967,21.75,11.97517681,1.533,2006,7,26
33398,53490,293,1011.112488,147.1288676,0.854846551,8.949951172,2.749027252,1.103,2018,10,21
890423,54608,224,28.51533699,69.45802211,0.051784827,26.75,31.12593842,2.478666667,2006,8,13
277562,53796,337,33.00963974,210.1356242,0.038511114,-1.050048828,9.134734154,0.274,2012,12,3
1035987,54701,30,38.82559204,319.4180595,0.051053599,-0.850097656,18.32121086,0.2755,2008,1,31
18644,53486,126,1047.800293,125.8046764,0.250101124,18.10009766,8.729216576,0.206333333,2020,5,6
365496,53894,335,172.6613617,58.88997573,3.77150108,0.800048828,24.26630783,0.35,2006,12,2
448379,53988,121,79.37897491,91.96340862,0.074288151,11.94995117,19.8046608,0.245,2011,5,2
536397,54408,85,527.0115967,77.24585077,0.177190338,11.60009766,8.791093826,0.403,2017,3,27
914293,54612,201,6.106146336,150.8365089,0.006929396,24.05004883,3.641277313,3.083,2004,7,20
957828,54621,12,38.48819733,322.1955684,0.063163806,-2.699951172,10.9771452,0.48,2020,1,13
302460,53880,287,947.7709961,294.4672046,0.370710832,15.55004883,38.24832916,1.105333333,2018,10,15
26488,53488,98,1037.28772,152.8779855,0.597159625,8.649902344,11.23279667,0.4235,2019,4,9
509157,54399,207,50.74262619,25.05564466,0.11889927,27.5,107.4715958,0.4465,2017,7,27
274762,53796,61,33.00963974,210.1356242,0.038511114,6.800048828,10.85928917,0.2775,2003,3,3
92225,53593,236,913.4979858,332.0099656,0.354071442,20.75,36.33245087,2.472,2005,8,25
135199,53688,140,101.1783829,88.79551452,0.055679326,19.55004883,6.140315056,0.9215,2008,5,20
602840,54431,174,20.99802399,150.166562,0.007372048,21.5,5.750279427,2.213333333,2004,6,23
421476,53983,7,72.42971039,130.8082626,0.048712019,-3.100097656,67.74879456,0.583,2003,1,8
830728,54540,322,17.47328758,157.1052432,0.34364992,5.449951172,2.751320362,0.488333333,2005,11,19
785277,54528,259,5.490311146,27.24323301,0.068123093,25.25,63.75253296,1.742666667,2006,9,17
256592,53791,148,70.53643036,34.12060872,0.190553544,23.75,3.585364103,0.6835,2015,5,29
806601,54532,268,33.69972992,264.8677181,0.122899292,19.89990234,2.104520798,1.499333333,2015,9,26
279632,53797,152,164.0783234,124.0873794,0.810901816,22.25,0.887030721,0.4445,2015,6,2
512030,54399,35,50.74262619,25.05564466,0.11889927,5.300048828,107.4715958,0.354,2017,2,5
217204,53783,258,949.4626465,350.4998299,2.9453935,20.75,4.580046654,1.7185,2008,9,15
266533,53794,311,37.37950134,133.07396,0.027744859,9.949951172,13.83713722,0.7795,2004,11,7
323206,53885,27,1031.932007,94.51437071,1.210561301,-1.5,73.12904358,0.194,2009,1,28
796604,54530,189,1.417702198,349.5198117,0.013190206,24.44995117,12.32511902,0.820333333,2019,7,9
48768,53498,165,612.6900635,40.73447568,0.949586069,18.19995117,17.06590843,0.589,2012,6,14
226376,53784,47,42.68608093,85.16647051,0.097127495,0.5,30.740242,0.472333333,2009,2,17
485033,53996,75,58.74365234,294.7846092,0.018395497,9.949951172,5.845396519,0.4865,2017,3,17
60920,53580,303,1025.976074,142.2502027,0.514917983,5.399902344,70.29817963,0.426,2015,10,31
165190,53693,89,229.3406525,20.84175083,1.177834997,12.44995117,23.86578369,0.7295,2006,3,31
836854,54541,188,25.9809494,239.7018036,0.108956851,24.5,19.36430931,1.1105,2003,7,8
855571,54601,247,16.12943459,207.8731667,0.03864364,24.64990234,9.147378922,3.5445,2016,9,4
400759,53979,67,117.1974792,143.6870055,0.178069937,8.949951172,7.300566673,0.586,2009,3,9
1036847,54701,128,38.82559204,319.4180595,0.051053599,24.75,20.27627945,1.4645,2018,5,9
676167,54502,59,33.49283218,108.7138985,0.115602131,4.600097656,12.60525799,0.624,2005,3,1
549688,54416,339,76.22029114,171.5005449,0.203623788,-0.399902344,1.970224142,0.2695,2010,12,6
969943,54623,54,0.289766252,85.71033194,0.026643368,4.899902344,1.311782002,0.688,2019,2,24
453419,53989,239,77.47494507,89.83081656,0.017710538,26.64990234,8.296028137,3.775,2018,8,28
114501,53681,193,1087.292847,85.26345202,0.658918453,16.60009766,1.487486362,0.161,2003,7,13
1013806,54636,201,12.03796577,196.3041706,0.032500434,27.60009766,6.632984161,3.1755,2009,7,21
700853,54510,177,17.94413185,83.42849352,0.047268414,29,5.874551296,3.8525,2004,6,26
819317,54535,322,3.868755341,89.45584561,0.032550673,0.649902344,2.631525993,0.361,2017,11,19
283481,53797,296,164.0783234,124.0873794,0.810901816,10.25,1.179066777,0.2875,2004,10,23
207782,53781,155,68.85488129,70.36970138,0.223925828,24.39990234,15.0693655,0.544,2013,6,5
42358,53492,142,921.5330811,119.0801635,0.648105141,21.69995117,34.54668808,0.8735,2017,5,23
435853,53986,177,76.31455231,63.72427236,0.036328115,31.5,85.95636749,1.566,2012,6,26
622151,54436,71,289.5231934,164.7647714,2.049309733,3.449951172,7.316510677,0.5475,2007,3,13
708973,54511,244,35.55298615,166.6531071,0.058810484,27.75,26.6497879,2.1365,2004,9,1
887063,54607,67,47.59946442,124.3020932,0.05293562,3.550048828,5.330341816,0.551,2003,3,9
94018,53594,244,968.795166,136.4476717,0.775982177,17.89990234,2.178672791,2.216,2020,9,1
217510,53783,43,949.4626465,350.4998299,2.9453935,6.100097656,4.197690487,0.19,2006,2,13
70947,53584,43,1002.041138,327.175018,0.178395405,-1.699951172,43.39487839,0.255333333,2005,2,13
132457,53687,134,714.1533203,338.1738457,1.558229356,17.25,22.03257561,0.433,2009,5,15
774487,54526,291,4.854492188,142.8654265,0.029535734,18.75,28.68836975,1.1655,2016,10,18
863048,54602,139,17.88450623,90.26435047,0.057586478,25.69995117,5.960691452,2.109,2014,5,20
943875,54618,153,13.92222023,316.7602436,0.027222871,24.25,14.75026894,1.9485,2018,6,3
106243,53599,286,864.3309937,191.9898532,0.648322517,9.449951172,29.68833733,0.412,2004,10,13
396549,53974,182,68.2572937,191.4906623,0.017483511,24.10009766,4.908685684,0.5735,2015,7,2
531398,54406,153,484.6069336,332.9280214,0.290583379,21.35009766,27.3272438,0.7695,2004,6,2
618248,54434,32,117.6953278,166.6088796,0.935597698,-9.399902344,2.667209387,0.103666667,2006,2,2
994723,54631,178,34.14572906,102.9134318,0.009747062,25.69995117,32.03319168,2.8565,2006,6,28
550106,54416,289,76.22029114,171.5005449,0.203623788,13.25,3.140384197,0.3845,2019,10,17
1032687,54700,118,17.60218811,6.143684526,0.0176074,20.14990234,4.876010418,1.54,2014,4,29
612821,54433,58,36.8788414,87.88296386,0.060414386,2.25,24.83697891,0.451,2003,2,28
846072,54596,122,48.02468109,245.3569192,0.103934915,23.89990234,3.548736811,2.250333333,2020,5,2
732105,54517,226,5.943824291,175.9713965,0.134458657,27.85009766,2.627691984,0.8425,2007,8,15
268917,53794,142,37.37950134,133.07396,0.027744859,22.55004883,13.36445904,0.1,2012,5,22
465641,53992,167,60.62039185,30.36846496,0.03321372,23.25,6.641215324,0.395,2020,6,16
113870,53680,248,101.5727997,220.3214857,0.337485212,23.55004883,16.19355392,1.513,2006,9,6
40392,53491,228,825.5666504,37.67541234,1.20094818,20.5,19.16680717,1.3885,2019,8,17
13053,53484,249,1207.8479,235.6528623,1.315604531,20.5,11.46388817,1.763,2014,9,7
49465,53498,60,612.6900635,40.73447568,0.949586069,-2.100097656,15.74606133,0.319666667,2011,3,2
663930,54499,160,76.10257721,161.6396488,0.60227769,24.10009766,54.04256821,1.341,2003,6,10
860945,54602,240,17.88450623,90.26435047,0.057586478,26.05004883,7.700063705,2.8125,2018,8,29
688933,54506,306,26.62067604,187.074144,0.038577098,10.44995117,4.040063858,0.725666667,2004,11,2
832820,54540,66,17.47328758,157.1052432,0.34364992,7.300048828,3.361240864,0.329,2016,3,7
48595,53498,277,612.6900635,40.73447568,0.949586069,13.89990234,15.56310844,0.8595,2003,10,5
118898,53681,116,1087.292847,85.26345202,0.658918453,14.94995117,7.495141029,0.5035,2011,4,27
404021,53980,99,53.10822678,243.6149809,0.065468232,11.55004883,41.84905243,0.181,2017,4,10
218222,53783,91,949.4626465,350.4998299,2.9453935,17.19995117,4.197690487,0.355,2006,4,2
250024,53790,227,49.31121826,71.06471507,0.044704121,27.25,2.599352598,2.524666667,2015,8,16
405778,53980,357,53.10822678,243.6149809,0.065468232,0.399902344,46.23609161,0.1445,2007,12,24
745093,54519,40,13.98283672,251.5700158,0.050292364,-4.800048828,17.42008972,0.305,2013,2,10
107738,53599,211,864.3309937,191.9898532,0.648322517,23.19995117,42.26355362,2.173,2007,7,31
576132,54424,104,31.84133148,262.8527353,0.179505171,21.05004883,9.468693733,0.499,2019,4,15
921256,54613,267,6.885145664,310.2380525,0.030385764,19.5,15.28255939,1.5345,2020,9,24
545603,54412,141,322.7095947,161.0543706,3.021688303,27.5,6.853209019,1.457666667,2014,5,22
869777,54604,196,31.98164749,107.8299761,0.063529321,24.64990234,42.7884903,2.922,2017,7,16
258533,53791,116,70.53643036,34.12060872,0.190553544,11.85009766,4.575267792,1.277,2006,4,27
165990,53694,327,126.1332779,13.48280629,0.424777967,-11.75,4.808066845,0.156,2015,11,24
376829,53896,250,51.33592224,125.2125497,0.055323727,19.19995117,3.418388128,0.489666667,2013,9,8
369336,53895,329,113.466362,82.74050062,0.914207786,4.300048828,3.607116938,0.505,2017,11,26
835201,54541,267,25.9809494,239.7018036,0.108956851,20.75,20.98118782,1.357,2018,9,25
339124,53889,100,328.6388245,110.8065712,2.163144406,17.75,7.321230412,0.756,2019,4,11
280004,53797,170,164.0783234,124.0873794,0.810901816,26.85009766,1.074893355,0.52,2006,6,20
1034727,54700,148,17.60218811,6.143684526,0.0176074,25.30004883,4.344584942,1.5005,2007,5,29
393664,53974,145,68.2572937,191.4906623,0.017483511,20.14990234,4.644289017,2.4555,2011,5,26
138805,53688,309,101.1783829,88.79551452,0.055679326,9.100097656,14.41473866,0.9015,2009,11,6
407554,53980,206,53.10822678,243.6149809,0.065468232,29.94995117,45.77817154,4.3105,2010,7,26
197432,53773,67,66.17166138,230.6485844,0.01686437,9.899902344,20.24352264,0.6875,2014,3,9
263347,53792,21,85.85259247,235.6478876,0.342894169,-3.350097656,2.264322758,0.427333333,2011,1,22
476366,53995,322,62.77876282,166.1413377,0.040408393,7.5,14.54997635,0.5795,2007,11,19
856337,54601,208,16.12943459,207.8731667,0.03864364,23.64990234,8.265735626,1.8655,2020,7,27
887182,54607,348,47.59946442,124.3020932,0.05293562,-0.399902344,5.213886738,0.424333333,2016,12,14
607459,54432,283,324.1832581,144.8286271,2.214101548,12.05004883,13.01970768,0.5465,2012,10,10
158126,53692,324,66.17362976,123.6599535,0.237060349,-10.19995117,13.40076733,0.81,2015,11,21
330622,53886,7,447.9111633,205.6673226,1.281078888,0.550048828,62.31265259,0.236666667,2006,1,8
126357,53685,18,960.8686523,340.5627462,0.859566337,-0.100097656,4.755919456,0.335,2003,1,19
722817,54514,1,56.07164001,112.2561125,0.164433074,-7.100097656,57.30958176,0.35,2003,1,2
891290,54608,337,28.51533699,69.45802211,0.051784827,-2.850097656,43.57851791,0.1,2009,12,4
259024,53792,69,85.85259247,235.6478876,0.342894169,8.649902344,2.155300617,1.1335,2018,3,11
235330,53786,319,1164.700928,52.15887611,3.005576997,-0.899902344,1.149067521,0.254,2003,11,16
40227,53491,321,825.5666504,37.67541234,1.20094818,3.199951172,23.26677322,0.666666667,2016,11,17
130941,53687,161,714.1533203,338.1738457,1.558229356,27.14990234,23.80219078,1.722666667,2007,6,11
816918,54534,32,25.95067215,216.1142045,0.045902368,-5.699951172,29.68870926,0.304,2010,2,2
912789,54612,160,6.106146336,150.8365089,0.006929396,29.64990234,3.117931843,2.066,2011,6,10
563544,54420,5,549.7913818,298.1052962,2.717963825,-11.55004883,19.36340523,0.187,2019,1,6
74018,53585,341,945.2196655,322.8159345,1.301611178,-5.449951172,7.079967976,0.2045,2003,12,8
851220,54597,302,465.9544678,79.52284433,15.66149783,12.44995117,0.441898078,0.192,2006,10,30
568543,54421,210,267.21875,195.8865899,0.724531331,23.75,0.903400302,3.709666667,2014,7,30
967227,54622,212,4.331436634,230.1262841,0.032463696,24.85009766,75.74084473,1.601666667,2010,8,1
760147,54522,226,21.19142342,202.6648879,0.221961722,27.69995117,22.40854073,3.4845,2019,8,15
282987,53797,117,164.0783234,124.0873794,0.810901816,26.85009766,0.990325451,0.8,2017,4,28
793166,54530,225,1.417702198,349.5198117,0.013190206,30.05004883,10.7081089,2.7325,2013,8,14
546134,54412,249,322.7095947,161.0543706,3.021688303,24.69995117,9.811526299,1.747,2017,9,7
815301,54534,4,25.95067215,216.1142045,0.045902368,-1.25,23.67987823,0.419333333,2004,1,5
516917,54401,242,764.9493408,231.4270322,1.332494576,25.35009766,21.74471664,1.405,2019,8,31
53919,53499,14,756.5604858,167.7816879,0.540166383,-12.44995117,10.19079399,0.119333333,2019,1,15
900177,54609,206,23.64011383,175.6762153,0.009159718,26.19995117,4.86867094,3.588,2012,7,25
160140,53692,275,66.17362976,123.6599535,0.237060349,19.69995117,14.1947403,1.258,2009,10,3
532436,54406,288,484.6069336,332.9280214,0.290583379,11.94995117,44.43407059,0.4885,2016,10,15
384438,53898,307,135.1781921,20.34974977,0.700552766,12.30004883,6.825342655,0.9635,2011,11,4
55295,53499,234,756.5604858,167.7816879,0.540166383,20.94995117,12.85697937,1.0825,2010,8,23
936508,54616,61,9.847643852,236.342149,0.011754861,13.44995117,1.509394407,0.642,2016,3,2
44882,53492,29,921.5330811,119.0801635,0.648105141,-7.899902344,24.96258926,0.272,2005,1,30
917236,54613,62,6.885145664,310.2380525,0.030385764,8.449951172,14.73487473,0.436,2016,3,3
1022260,54644,177,11.53129005,103.5343877,0.031339932,31.64990234,14.77290726,2.9755,2019,6,27
776059,54526,351,4.854492188,142.8654265,0.029535734,0.100097656,17.87613487,0.394,2010,12,18
931405,54615,38,8.37415123,80.26145632,0.040090339,-1.300048828,15.89543724,0.198,2011,2,8
388525,53899,188,49.06642151,211.0807326,0.043386772,22.85009766,5.565901756,0.578,2018,7,8
285564,53798,183,139.851532,143.3450861,1.139500864,34.30004883,2.080050707,2.3975,2009,7,3
998311,54631,259,34.14572906,102.9134318,0.009747062,16.60009766,37.07906342,0.9755,2014,9,17
918113,54613,325,6.885145664,310.2380525,0.030385764,5.399902344,17.21891212,0.605,2014,11,22
1024154,54644,357,11.53129005,103.5343877,0.031339932,-1.100097656,15.72406769,0.428333333,2016,12,23
1047731,54703,13,20.42371941,240.7805994,0.02849898,-1.25,18.06279564,0.385,2016,1,14
690836,54506,24,26.62067604,187.074144,0.038577098,-2.199951172,4.954012871,0.436,2020,1,25
923132,54614,190,13.46562386,93.77259364,0.037885617,23.10009766,4.660442829,0.5635,2020,7,9
665159,54499,323,76.10257721,161.6396488,0.60227769,5.5,70.26972198,0.8725,2010,11,20
934029,54616,278,9.847643852,236.342149,0.011754861,15.05004883,1.628402233,0.589,2018,10,6
841357,54594,245,39.39690018,105.7803,0.105400552,24.85009766,137.0074615,1.6345,2007,9,3
1009204,54633,314,28.09471321,196.3089822,0.005536887,10.69995117,3.768857479,1.091,2014,11,11
493906,53998,133,63.77064514,242.413221,0.005414375,19.14990234,12.82132435,0.1,2014,5,14
19295,53486,128,1047.800293,125.8046764,0.250101124,18.19995117,9.302239418,0.93,2016,5,8
568017,54421,27,267.21875,195.8865899,0.724531331,-1.800048828,0.273717552,0.329,2007,1,28
855330,54601,85,16.12943459,207.8731667,0.03864364,4.949951172,9.617001534,0.2825,2009,3,27
309388,53882,321,990.190918,313.0194599,1.062046326,2.100097656,3.64461875,0.359666667,2015,11,18
1003603,54632,226,35.35056686,67.67634997,0.053828468,21.64990234,49.83972549,0.27,2003,8,15
129035,53685,244,960.8686523,340.5627462,0.859566337,23.30004883,4.039199352,1.5165,2019,9,2
93405,53594,181,968.795166,136.4476717,0.775982177,22.5,2.8819592,0.523,2009,7,1
679284,54503,340,15.3458128,103.0362047,0.047084811,-1.800048828,1.935903788,0.417,2020,12,6
381999,53897,235,74.2021637,95.91047774,0.738838682,25.44995117,7.885239124,3.7825,2014,8,24
170705,53694,316,126.1332779,13.48280629,0.424777967,5.699951172,6.391308784,1.0085,2018,11,13
678762,54503,241,15.3458128,103.0362047,0.047084811,28.25,2.075824022,2.478333333,2012,8,29
1002565,54632,39,35.35056686,67.67634997,0.053828468,-1.449951172,38.53502274,0.6595,2013,2,9
59212,53580,93,1025.976074,142.2502027,0.514917983,9.850097656,58.41786957,0.1,2007,4,4
284321,53797,277,164.0783234,124.0873794,0.810901816,14.94995117,1.005310655,1.225333333,2019,10,5
617591,54434,354,117.6953278,166.6088796,0.935597698,-4.75,3.06902504,0.258,2009,12,21
629988,54437,16,18.17318916,209.9115981,0.058694301,-3.199951172,2.568270445,0.315333333,2019,1,17
443615,53987,271,96.9112854,359.440113,0.147496255,22.69995117,3.101857185,2.342,2013,9,29
46995,53498,78,612.6900635,40.73447568,0.949586069,9.300048828,19.09464645,0.3725,2015,3,20
985149,54627,306,9.680943489,162.7086203,0.012703285,7.899902344,4.474775791,1.1425,2007,11,3
327468,53886,263,447.9111633,205.6673226,1.281078888,19.55004883,70.70504761,1.079,2011,9,21
458104,53991,10,83.2177124,87.62323699,0.798042066,-3.300048828,16.06772804,0.327,2009,1,11
787389,54529,257,2.599947214,80.92270514,0.072123654,23.94995117,7.467560768,2.181333333,2011,9,15
626138,54436,79,289.5231934,164.7647714,2.049309733,3.75,5.212719917,0.527333333,2013,3,21
571969,54423,170,372.4054565,105.0277074,1.929514718,22.75,65.12909698,0.1685,2004,6,19
995841,54631,234,34.14572906,102.9134318,0.009747062,26.44995117,36.91577148,4.398333333,2013,8,23
991416,54628,151,7.944516182,61.54707009,0.016416684,28.94995117,2.971050024,1.849,2018,6,1
759127,54522,50,21.19142342,202.6648879,0.221961722,2.149902344,19.62625694,0.295,2011,2,20
920193,54613,69,6.885145664,310.2380525,0.030385764,3.149902344,17.21891212,0.86,2014,3,11
488021,53997,284,73.43373108,265.3631894,0.01707409,19.10009766,34.96077347,0.3955,2020,10,11
994440,54631,145,34.14572906,102.9134318,0.009747062,24.05004883,37.94892883,1.2525,2011,5,26
132818,53687,115,714.1533203,338.1738457,1.558229356,9.75,23.71108246,0.618,2014,4,26
625229,54436,362,289.5231934,164.7647714,2.049309733,-10,4.416706085,0.181666667,2018,12,29
92664,53593,153,913.4979858,332.0099656,0.354071442,21.35009766,35.20150757,0.763,2004,6,2
420195,53983,18,72.42971039,130.8082626,0.048712019,2.300048828,72.93687439,0.485333333,2010,1,19
814611,54534,113,25.95067215,216.1142045,0.045902368,12.10009766,27.13465118,0.420333333,2009,4,24
624340,54436,55,289.5231934,164.7647714,2.049309733,-1.149902344,4.862799168,0.2275,2012,2,25
36675,53491,53,825.5666504,37.67541234,1.20094818,3.149902344,19.23091316,0.574333333,2011,2,23
303010,53880,4,947.7709961,294.4672046,0.370710832,-5.600097656,37.27106857,0.2685,2019,1,5
694026,54507,192,48.86540604,138.9250501,0.246244911,26.30004883,4.838875294,1.796,2008,7,11
283465,53797,82,164.0783234,124.0873794,0.810901816,10.89990234,0.979374111,0.515,2016,3,23
839473,54594,280,39.39690018,105.7803,0.105400552,19.94995117,202.8991699,0.1,2017,10,8
5183,53483,117,1283.599854,113.9866821,0.702907264,18.55004883,18.08626175,0.806333333,2017,4,28
857617,54601,214,16.12943459,207.8731667,0.03864364,26.05004883,9.147378922,3.247,2016,8,2
93552,53594,358,968.795166,136.4476717,0.775982177,-14.39990234,3.188518047,0.36,2004,12,24
239960,53788,308,1266.864014,82.53554635,0.466314786,4.149902344,30.45023727,0.3645,2018,11,5
821437,54535,206,3.868755341,89.45584561,0.032550673,27.25,2.484852552,4.278666667,2015,7,26
858363,54601,287,16.12943459,207.8731667,0.03864364,15.19995117,7.953790665,0.8365,2010,10,15
607710,54432,96,324.1832581,144.8286271,2.214101548,20.60009766,12.58031845,0.6225,2009,4,7
560587,54420,357,549.7913818,298.1052962,2.717963825,-6.5,19.45665741,0.2765,2014,12,24
794154,54530,320,1.417702198,349.5198117,0.013190206,7.149902344,11.79192257,0.6545,2018,11,17
90001,53593,200,913.4979858,332.0099656,0.354071442,24.94995117,32.49785614,0.137,2019,7,20
797904,54531,271,44.23422241,74.18909675,0.327586786,11.14990234,9.448113441,0.976,2014,9,29
332653,53888,169,1109.131592,41.17011363,0.92762042,25.35009766,14.9264946,1.007666667,2012,6,18
1003605,54632,264,35.35056686,67.67634997,0.053828468,21.05004883,51.33120346,0.913,2011,9,22
627549,54437,53,18.17318916,209.9115981,0.058694301,-2.550048828,2.69016099,0.424,2016,2,23
301711,53880,46,947.7709961,294.4672046,0.370710832,-13.89990234,40.41678619,0.118333333,2014,2,16
361566,53893,35,41.69786072,149.7892764,0.000354227,-0.75,46.60699463,0.1955,2004,2,5
673291,54502,94,33.49283218,108.7138985,0.115602131,12.14990234,9.670121193,0.154,2018,4,5
224642,53784,172,42.68608093,85.16647051,0.097127495,32.60009766,31.14162827,2.8045,2005,6,22
306417,53882,74,990.190918,313.0194599,1.062046326,6.600097656,2.777645588,0.4935,2010,3,16
877979,54605,1,10.88305378,70.05738646,0.071092106,-8.350097656,16.24783707,0.341,2003,1,2
664715,54499,203,76.10257721,161.6396488,0.60227769,26.64990234,53.3423233,3.348,2006,7,23
794225,54530,352,1.417702198,349.5198117,0.013190206,0,13.17350578,0.366,2007,12,19
247225,53789,328,54.50845337,201.3583719,0.059725761,-0.100097656,8.423219681,0.656,2009,11,25
146869,53690,356,263.4576721,109.9361368,0.43186259,-2.949951172,35.83218765,0.5515,2019,12,23
531016,54406,129,484.6069336,332.9280214,0.290583379,22.39990234,38.52675247,0.7635,2013,5,10
74159,53585,180,945.2196655,322.8159345,1.301611178,25.05004883,7.36651516,1.395,2005,6,30
463704,53992,351,60.62039185,30.36846496,0.03321372,0.100097656,9.451717377,0.526,2008,12,17
563792,54420,62,549.7913818,298.1052962,2.717963825,-1.300048828,20.11486244,0.184666667,2015,3,4
832994,54540,24,17.47328758,157.1052432,0.34364992,-5.5,3.477270603,0.3205,2011,1,25
61395,53580,259,1025.976074,142.2502027,0.514917983,23.5,56.84583282,1.1965,2006,9,17
300935,53880,329,947.7709961,294.4672046,0.370710832,-2.100097656,36.13646698,0.259,2004,11,25
788454,54529,52,2.599947214,80.92270514,0.072123654,-1.550048828,7.644916058,0.3015,2015,2,22
50273,53498,355,612.6900635,40.73447568,0.949586069,-5.25,18.55592728,0.402,2014,12,22
862116,54602,245,17.88450623,90.26435047,0.057586478,20.19995117,7.292662144,0.7855,2007,9,3
980244,54626,239,15.68418026,96.76148973,0.024708683,25.60009766,25.59785843,2.9775,2011,8,28
84038,53590,185,974.1904297,91.58387138,0.501125583,23.89990234,6.986009598,1.157,2005,7,5
86628,53590,305,974.1904297,91.58387138,0.501125583,4.899902344,12.54039192,0.427,2020,11,1
53577,53499,228,756.5604858,167.7816879,0.540166383,26.14990234,12.38810158,2.4785,2015,8,17
219728,53783,309,949.4626465,350.4998299,2.9453935,11.44995117,3.443395138,0.2755,2010,11,6
774831,54526,66,4.854492188,142.8654265,0.029535734,10.69995117,32.60449982,0.769,2020,3,7
661289,54455,77,18.64442635,197.2676531,0.130842811,11,3.630031824,0.1615,2020,3,18
248991,53790,211,49.31121826,71.06471507,0.044704121,25.5,2.428743362,4.1125,2013,7,31
75302,53585,244,945.2196655,322.8159345,1.301611178,12.30004883,8.208361626,1.189666667,2007,9,2
85697,53590,352,974.1904297,91.58387138,0.501125583,-9.300048828,6.986009598,0.3435,2005,12,19
485018,53996,124,58.74365234,294.7846092,0.018395497,21.10009766,5.366075039,1.321,2015,5,5
535111,54408,126,527.0115967,77.24585077,0.177190338,28.39990234,7.914243221,1.4115,2009,5,7
642766,54452,266,359.6134033,80.31791763,0.268897325,19.30004883,11.36897469,1.790666667,2009,9,24
743330,54519,20,13.98283672,251.5700158,0.050292364,-6.050048828,20.8559227,0.167,2003,1,21
284607,53798,241,139.851532,143.3450861,1.139500864,24.64990234,2.10239172,3.118,2005,8,30
800200,54531,182,44.23422241,74.18909675,0.327586786,26.19995117,8.097791672,3.3105,2007,7,2
32680,53490,37,1011.112488,147.1288676,0.854846551,-13.05004883,3.024583578,0.223333333,2006,2,7
404240,53980,309,53.10822678,243.6149809,0.065468232,9.949951172,40.87413025,0.523,2004,11,5
621688,54436,312,289.5231934,164.7647714,2.049309733,7.850097656,4.731948853,0.417333333,2014,11,9
845011,54596,35,48.02468109,245.3569192,0.103934915,-1.300048828,2.680549145,0.3945,2012,2,5
790027,54529,254,2.599947214,80.92270514,0.072123654,23.89990234,8.581353188,2.8875,2005,9,12
383876,53898,112,135.1781921,20.34974977,0.700552766,15.94995117,5.514016628,0.646666667,2015,4,23
26428,53488,87,1037.28772,152.8779855,0.597159625,4.25,10.58402824,0.547,2016,3,28
311671,53883,176,38.92947388,67.03246052,0.142209408,29.14990234,4.590642452,3.0575,2010,6,26
554877,54419,5,64.87880707,205.1454953,2.53685342,-2.5,0.428234577,0.403333333,2017,1,6
922396,54614,162,13.46562386,93.77259364,0.037885617,24.19995117,4.390471458,2.059,2017,6,12
94829,53594,39,968.795166,136.4476717,0.775982177,-13.55004883,2.223176241,0.173,2014,2,9
259593,53792,251,85.85259247,235.6478876,0.342894169,16.44995117,2.264322758,2.2465,2011,9,9
323963,53885,129,1031.932007,94.51437071,1.210561301,21,88.51034546,1.0055,2003,5,10
96742,53594,105,968.795166,136.4476717,0.775982177,15.5,3.11194396,0.241333333,2003,4,16
264970,53794,345,37.37950134,133.07396,0.027744859,1.199951172,14.66043091,0.539,2019,12,12
717737,54513,167,79.13307953,91.86324999,0.595800354,27.10009766,31.44326591,2.488,2005,6,17
1019277,54640,66,39.46227264,129.3765576,0.069559077,9.100097656,42.57743073,0.756,2016,3,7
781141,54527,255,3.209112167,332.199624,0.035503334,26.14990234,3.396072865,2.112,2008,9,12
431278,53985,191,157.2890625,217.4253658,0.932190958,28.80004883,5.236707211,3.586,2010,7,11
1024427,54644,351,11.53129005,103.5343877,0.031339932,-1.800048828,15.47738075,0.3255,2012,12,17
533572,54408,282,527.0115967,77.24585077,0.177190338,10.19995117,8.225448608,0.361666667,2013,10,10
732615,54517,67,5.943824291,175.9713965,0.134458657,2.649902344,3.263181448,0.3215,2009,3,9
219732,53783,212,949.4626465,350.4998299,2.9453935,24.55004883,6.709905148,2.134333333,2016,7,31
664942,54499,36,76.10257721,161.6396488,0.60227769,2.100097656,92.7480011,0.3495,2016,2,6
810445,54533,167,11.54028702,214.717155,0.177669679,25.85009766,34.58285141,1.9005,2014,6,17
499171,54304,255,1248.300537,64.6920385,2.085549055,14.05004883,6.456099033,0.5505,2011,9,13
721655,54514,234,56.07164001,112.2561125,0.164433074,30.5,93.15724182,2.8905,2016,8,22
271638,53795,316,129.4665375,116.7548302,0.439915875,6.199951172,16.01194954,0.802,2003,11,13
264410,53794,247,37.37950134,133.07396,0.027744859,23.44995117,13.94145966,0.426,2017,9,5
152258,53691,300,74.4357605,79.32501126,0.103286578,18.19995117,32.62966919,0.835,2006,10,28
291733,53799,19,29.7186203,286.9415453,0.029334853,-1.449951172,6.5802598,0.475,2007,1,20
313656,53883,301,38.92947388,67.03246052,0.142209408,9.899902344,5.714393139,0.279,2020,10,28
875925,54605,70,10.88305378,70.05738646,0.071092106,7.800048828,18.82195663,0.2975,2015,3,12
543771,54412,231,322.7095947,161.0543706,3.021688303,19.69995117,1.881751776,0.6545,2006,8,20
944709,54618,208,13.92222023,316.7602436,0.027222871,28.05004883,13.96451664,2.1305,2007,7,28
957517,54620,146,21.78257179,159.7526905,0.024390705,25.69995117,24.00268745,0.7815,2019,5,27
396690,53974,42,68.2572937,191.4906623,0.017483511,6.550048828,4.389724731,0.38,2004,2,12
365458,53894,93,172.6613617,58.88997573,3.77150108,23.35009766,22.9860611,0.667,2014,4,4
975941,54624,108,5.218541145,220.5680908,0.018415567,23.39990234,6.412495613,1.936,2018,4,19
366983,53894,16,172.6613617,58.88997573,3.77150108,-0.75,20.98036957,0.4445,2003,1,17
804610,54532,330,33.69972992,264.8677181,0.122899292,0.449951172,1.679766417,0.283,2005,11,27
635012,54438,4,51.5436058,21.46474577,0.290493232,-4.350097656,5.942000389,0.3375,2008,1,5
525322,54405,120,577.2617188,210.1046749,1.23614442,20.60009766,14.65018272,0.376,2005,5,1
297303,53878,354,785.15271,143.1225207,1.371895509,1.5,17.52458954,0.21,2018,12,21
871523,54604,112,31.98164749,107.8299761,0.063529321,10.44995117,38.6289711,0.779666667,2008,4,22
307097,53882,33,990.190918,313.0194599,1.062046326,4.25,3.914923429,0.253,2007,2,3
138946,53688,53,101.1783829,88.79551452,0.055679326,4.850097656,13.41767311,0.711,2010,2,23
398546,53979,214,117.1974792,143.6870055,0.178069937,25,7.484917641,3.333,2007,8,3
807575,54533,172,11.54028702,214.717155,0.177669679,29.35009766,33.98567581,1.9545,2009,6,22
91788,53593,162,913.4979858,332.0099656,0.354071442,25.10009766,33.78022766,1.431,2007,6,12
269331,53795,233,129.4665375,116.7548302,0.439915875,21.80004883,19.64157104,0.4055,2008,8,21
1031233,54700,315,17.60218811,6.143684526,0.0176074,8.600097656,4.688022614,0.982333333,2018,11,12
904459,54610,213,10.51143265,59.07722871,0.015818866,28.85009766,8.161935806,2.933,2016,8,1
264696,53794,67,37.37950134,133.07396,0.027744859,2.350097656,12.48224545,0.432333333,2007,3,9
374263,53896,319,51.33592224,125.2125497,0.055323727,6.949951172,4.045578957,0.635,2010,11,16
808962,54533,87,11.54028702,214.717155,0.177669679,5.600097656,33.98567581,0.3755,2009,3,29
408903,53981,222,1325.623047,170.8131011,1.462445238,21.5,18.04926109,1.7605,2019,8,11
186793,53698,179,104.4470749,84.25766625,0.389556167,27.19995117,31.42749977,3.642,2008,6,28
227787,53785,36,38.79065704,127.491544,0.042659748,-1.75,6.683459282,0.4385,2006,2,6
709072,54512,18,25.43069839,212.4945434,0.069774052,-14.5,5.589447975,0.132,2008,1,19
722438,54514,144,56.07164001,112.2561125,0.164433074,27,96.32765961,2.4855,2017,5,25
925589,54614,315,13.46562386,93.77259364,0.037885617,3.949951172,3.945062637,0.451666667,2004,11,11
410544,53981,25,1325.623047,170.8131011,1.462445238,-3.100097656,14.72543526,0.2035,2004,1,26
904899,54610,293,10.51143265,59.07722871,0.015818866,16.69995117,7.984366417,0.9305,2008,10,20
757680,54522,254,21.19142342,202.6648879,0.221961722,25.60009766,21.93499374,1.7345,2018,9,12
1035873,54701,13,38.82559204,319.4180595,0.051053599,-0.300048828,20.48467636,0.52,2015,1,14
201226,53773,323,66.17166138,230.6485844,0.01686437,6.949951172,24.80226707,0.8985,2011,11,20
962344,54621,316,38.48819733,322.1955684,0.063163806,13.19995117,11.03863621,1.2645,2015,11,13
199456,53773,84,66.17166138,230.6485844,0.01686437,9.550048828,18.46744919,0.424,2006,3,26
502178,54398,0,31.76464844,259.4057302,0.127092934,-7.199951172,35.2170639,0.447,2010,1,1
628182,54437,52,18.17318916,209.9115981,0.058694301,2.550048828,4.578110218,0.647,2011,2,22
267728,53794,45,37.37950134,133.07396,0.027744859,-0.5,13.53376007,0.2215,2009,2,15
168161,53694,140,126.1332779,13.48280629,0.424777967,21,12.94636726,1.485,2008,5,20
923589,54614,127,13.46562386,93.77259364,0.037885617,19.05004883,4.767386913,0.378,2008,5,7
242854,53788,144,1266.864014,82.53554635,0.466314786,24.80004883,18.77468681,1.099,2004,5,24
113263,53680,270,101.5727997,220.3214857,0.337485212,16.89990234,20.60795593,0.603,2015,9,28
201485,53773,255,66.17166138,230.6485844,0.01686437,24.44995117,23.28875351,1.7815,2008,9,12
77033,53585,217,945.2196655,322.8159345,1.301611178,22.89990234,7.36651516,2.3895,2005,8,6
137176,53688,359,101.1783829,88.79551452,0.055679326,-2.350097656,13.53402233,0.517,2014,12,26
636657,54438,225,51.5436058,21.46474577,0.290493232,27.05004883,8.437879562,0.8125,2019,8,14
554757,54419,18,64.87880707,205.1454953,2.53685342,-5.649902344,0.428234577,0.3045,2017,1,19
357082,53893,153,41.69786072,149.7892764,0.000354227,22.39990234,44.68199921,2.8905,2012,6,2
958183,54621,226,38.48819733,322.1955684,0.063163806,27.89990234,10.35383606,4.7055,2017,8,15
366145,53894,154,172.6613617,58.88997573,3.77150108,27.10009766,23.66462517,0.909,2019,6,4
473120,53994,127,71.89333344,61.64060003,0.020799415,16.75,8.481484413,0.879,2005,5,8
607313,54432,329,324.1832581,144.8286271,2.214101548,-0.100097656,15.40734577,0.3345,2007,11,26
911175,54612,226,6.106146336,150.8365089,0.006929396,23.55004883,3.084341526,3.8005,2006,8,15
1008603,54633,196,28.09471321,196.3089822,0.005536887,28.60009766,3.526378155,4.153,2010,7,16
590692,54429,295,54.33362579,207.6731135,0.195405379,12.64990234,36.23417282,0.890333333,2017,10,23
968565,54623,59,0.289766252,85.71033194,0.026643368,7.699951172,1.120854974,0.39,2014,3,1
919270,54613,261,6.885145664,310.2380525,0.030385764,20.35009766,18.79342651,1.608333333,2010,9,19
835375,54541,175,25.9809494,239.7018036,0.108956851,24.39990234,20.89507675,2.768333333,2008,6,24
97019,53594,90,968.795166,136.4476717,0.775982177,6.949951172,3.628711462,0.168333333,2006,4,1
601440,54431,113,20.99802399,150.166562,0.007372048,18.44995117,8.101389885,1.58,2014,4,24
349043,53891,52,45.71702957,14.20570222,0.070154079,6.449951172,8.504537582,0.8675,2014,2,22
31198,53490,257,1011.112488,147.1288676,0.854846551,22.85009766,3.404593229,1.7775,2003,9,15
73853,53585,226,945.2196655,322.8159345,1.301611178,20.39990234,6.276960373,0.375,2012,8,14
730115,54517,91,5.943824291,175.9713965,0.134458657,8.300048828,3.676124811,1.1695,2015,4,2
728390,54515,364,16.31572151,138.1065014,0.032033125,-2.199951172,37.72161484,0.342,2017,12,31
331240,53888,52,1109.131592,41.17011363,0.92762042,1.449951172,18.07777023,0.2785,2009,2,22
432306,53985,14,157.2890625,217.4253658,0.932190958,-0.899902344,2.983257294,0.1455,2017,1,15
653688,54454,300,40.78531265,94.04958482,1.184391984,7.100097656,1.073056698,0.659,2005,10,28
738625,54518,176,11.03508663,220.943583,0.03089015,27.64990234,2.825495481,0.768,2005,6,26
724963,54515,149,16.31572151,138.1065014,0.032033125,28.44995117,39.95295715,1.441,2020,5,29
582192,54425,136,606.5336914,19.94240948,4.403615986,18.05004883,10.4934845,1.219,2008,5,16
240529,53788,267,1266.864014,82.53554635,0.466314786,17,27.83300018,0.7535,2015,9,25
776880,54527,215,3.209112167,332.199624,0.035503334,24.19995117,2.838466167,1.555,2015,8,4
389287,53899,160,49.06642151,211.0807326,0.043386772,30.19995117,5.414589882,2.185,2019,6,10
502794,54398,219,31.76464844,259.4057302,0.127092934,29,33.97605133,2.308333333,2009,8,8
202396,53780,68,1051.854004,190.5190994,0.857016665,9.050048828,19.89102173,0.562666667,2014,3,10
456639,53991,363,83.2177124,87.62323699,0.798042066,-4.550048828,18.8373642,0.5075,2006,12,30
1042171,54702,4,24.33550072,54.71715159,0.044593853,-0.899902344,61.47753143,0.4,2007,1,5
810837,54533,85,11.54028702,214.717155,0.177669679,8.199951172,36.99133682,0.673333333,2007,3,27
788635,54529,258,2.599947214,80.92270514,0.072123654,19.64990234,9.039319992,0.6245,2020,9,15
972210,54623,250,0.289766252,85.71033194,0.026643368,24.64990234,0.636132538,0.5765,2008,9,7
64674,53582,84,1080.845215,270.7969824,0.290203017,8.149902344,2.324064255,0.9895,2020,3,25
574659,54423,176,372.4054565,105.0277074,1.929514718,27.64990234,51.47229004,2.889,2017,6,26
998063,54631,90,34.14572906,102.9134318,0.009747062,14.19995117,33.42730713,0.2165,2020,3,31
64416,53582,320,1080.845215,270.7969824,0.290203017,-7.399902344,2.234677076,0.4425,2012,11,16
850972,54597,301,465.9544678,79.52284433,15.66149783,10.64990234,0.957868099,0.7565,2011,10,29
803177,54532,158,33.69972992,264.8677181,0.122899292,18.89990234,1.679766417,1.647,2005,6,8
843959,54596,49,48.02468109,245.3569192,0.103934915,1.050048828,3.088450432,0.264,2016,2,19
799886,54531,280,44.23422241,74.18909675,0.327586786,15.69995117,8.954210281,1.435333333,2013,10,8
565697,54421,259,267.21875,195.8865899,0.724531331,14.05004883,2.933852434,0.822333333,2020,9,16
281736,53797,297,164.0783234,124.0873794,0.810901816,11.64990234,0.991941094,0.4675,2018,10,25
211425,53781,292,68.85488129,70.36970138,0.223925828,17.85009766,12.24471474,1.7775,2017,10,20
810092,54533,87,11.54028702,214.717155,0.177669679,8,36.99133682,0.7885,2007,3,29
965428,54622,218,4.331436634,230.1262841,0.032463696,28.10009766,68.02283478,0.425,2008,8,6
931462,54615,68,8.37415123,80.26145632,0.040090339,4.199951172,17.62194061,0.389333333,2012,3,9
615710,54433,345,36.8788414,87.88296386,0.060414386,-0.850097656,33.5263443,0.591,2008,12,11
993594,54628,243,7.944516182,61.54707009,0.016416684,28.05004883,2.838439941,2.3725,2019,9,1
543839,54412,128,322.7095947,161.0543706,3.021688303,18.25,3.746561289,1.3725,2004,5,8
1018339,54640,222,39.46227264,129.3765576,0.069559077,25.25,51.88093948,2.7395,2008,8,10
618168,54434,292,117.6953278,166.6088796,0.935597698,11.85009766,2.667209387,1.2455,2006,10,20
547177,54412,271,322.7095947,161.0543706,3.021688303,14.10009766,2.325269461,0.467333333,2007,9,29
566512,54421,240,267.21875,195.8865899,0.724531331,21.64990234,0.928566158,1.5905,2010,8,29
20812,53487,221,1053.878296,183.0131741,0.241977083,24.60009766,1.322399259,2.365,2016,8,9
777178,54527,286,3.209112167,332.199624,0.035503334,14.10009766,2.598629713,0.986333333,2011,10,14
943076,54618,139,13.92222023,316.7602436,0.027222871,25.60009766,14.1641798,0.784,2019,5,20
886374,54607,276,47.59946442,124.3020932,0.05293562,18.60009766,4.444489479,0.6775,2009,10,4
249509,53790,274,49.31121826,71.06471507,0.044704121,19.60009766,3.915114641,2.5995,2007,10,2
229858,53785,260,38.79065704,127.491544,0.042659748,18.14990234,5.249084473,0.6625,2004,9,17
233167,53786,149,1164.700928,52.15887611,3.005576997,20,1.20889461,1.99,2004,5,29
147310,53690,71,263.4576721,109.9361368,0.43186259,8.300048828,25.5147171,0.399666667,2006,3,13
918580,54613,27,6.885145664,310.2380525,0.030385764,-0.100097656,17.42913055,0.4165,2007,1,28
601823,54431,26,20.99802399,150.166562,0.007372048,-3.5,9.273584366,0.209,2015,1,27
126759,53685,208,960.8686523,340.5627462,0.859566337,23.44995117,3.052413702,2.759,2006,7,28
1038221,54701,153,38.82559204,319.4180595,0.051053599,27.05004883,20.48467636,0.806,2015,6,3
419310,53983,307,72.42971039,130.8082626,0.048712019,12.94995117,78.66668701,0.762,2014,11,4
193799,53699,9,46.57213211,308.9787795,0.020316857,-2.199951172,30.36826897,0.343,2018,1,10
608314,54432,54,324.1832581,144.8286271,2.214101548,2.75,11.46545315,0.4325,2017,2,24
202454,53780,306,1051.854004,190.5190994,0.857016665,7.399902344,19.89102173,0.4225,2014,11,3
473796,53994,4,71.89333344,61.64060003,0.020799415,1.449951172,8.679656982,0.1,2004,1,5
169674,53694,6,126.1332779,13.48280629,0.424777967,-5.399902344,9.721250534,0.1785,2011,1,7
852610,54597,239,465.9544678,79.52284433,15.66149783,22.39990234,0.601600766,1.3125,2018,8,28
618150,54434,302,117.6953278,166.6088796,0.935597698,9.449951172,3.734758854,0.703,2013,10,30
576101,54424,32,31.84133148,262.8527353,0.179505171,-6.199951172,9.322069168,0.2185,2018,2,2
572086,54423,96,372.4054565,105.0277074,1.929514718,8.149902344,54.61254883,0.285,2012,4,6
37120,53491,119,825.5666504,37.67541234,1.20094818,14.10009766,24.5037384,1.031,2005,4,30
7142,53483,212,1283.599854,113.9866821,0.702907264,27.25,17.15710449,2.347333333,2014,8,1
981139,54626,131,15.68418026,96.76148973,0.024708683,19.60009766,25.10622787,1.681,2009,5,12
88360,53593,359,913.4979858,332.0099656,0.354071442,-10.89990234,35.20150757,0.42,2004,12,25
537409,54408,3,527.0115967,77.24585077,0.177190338,-13.05004883,9.758728027,0.1805,2003,1,4
108570,53599,225,864.3309937,191.9898532,0.648322517,22.39990234,48.18222427,1.6965,2019,8,14
493191,53998,97,63.77064514,242.413221,0.005414375,14.55004883,17.10109138,1.927,2005,4,8
406479,53980,299,53.10822678,243.6149809,0.065468232,10.85009766,46.24791718,0.689,2013,10,27
127968,53685,210,960.8686523,340.5627462,0.859566337,27.80004883,3.799952984,3.245,2015,7,30
40858,53491,245,825.5666504,37.67541234,1.20094818,19.19995117,24.93556023,2.614,2017,9,3
374040,53896,131,51.33592224,125.2125497,0.055323727,25.39990234,4.239099503,1.505,2017,5,12
762130,54523,94,8.538253784,91.55363047,0.051265365,8.800048828,3.801195145,0.2015,2007,4,5
125301,53685,214,960.8686523,340.5627462,0.859566337,22.25,3.569914341,2.098,2004,8,2
440948,53987,305,96.9112854,359.440113,0.147496255,16.30004883,3.179669619,1.2585,2019,11,2
236204,53786,345,1164.700928,52.15887611,3.005576997,-0.050048828,1.462060332,0.2915,2008,12,11
326183,53886,2,447.9111633,205.6673226,1.281078888,3.350097656,75.52729797,0.3785,2017,1,3
188842,53698,325,104.4470749,84.25766625,0.389556167,-1.899902344,32.95165253,0.533333333,2020,11,21
67572,53584,125,1002.041138,327.175018,0.178395405,16.60009766,44.03020859,1.391,2006,5,6
606486,54432,98,324.1832581,144.8286271,2.214101548,10.10009766,12.3906374,0.318,2019,4,9
774571,54526,261,4.854492188,142.8654265,0.029535734,25.64990234,23.74277496,1.2725,2012,9,18
779078,54527,154,3.209112167,332.199624,0.035503334,26.25,3.198371887,1.8695,2010,6,4
473597,53994,200,71.89333344,61.64060003,0.020799415,31.60009766,7.278723717,4.300666667,2018,7,20
944189,54618,80,13.92222023,316.7602436,0.027222871,13.05004883,14.75026894,0.959,2018,3,22
18547,53486,198,1047.800293,125.8046764,0.250101124,27.25,9.042209625,3.6295,2017,7,18
502832,54398,36,31.76464844,259.4057302,0.127092934,-4.5,35.2170639,0.346333333,2010,2,6
178629,53696,280,54.94958115,103.0077682,0.076481506,18.89990234,7.268631935,1.208,2004,10,7
796588,54530,245,1.417702198,349.5198117,0.013190206,25.35009766,10.7081089,0.999,2013,9,3
638330,54439,275,51.76901245,182.3883859,0.421472547,15.14990234,49.42088699,0.569333333,2011,10,3
352063,53892,102,62.57418442,78.46711792,0.795251148,17.69995117,88.14727783,0.834,2017,4,13
444765,53987,24,96.9112854,359.440113,0.147496255,-1.300048828,3.330518246,0.294333333,2018,1,25
824252,54539,94,9.660331726,234.2603932,0.045227975,14.25,23.39957047,0.328333333,2015,4,5
310733,53883,314,38.92947388,67.03246052,0.142209408,8.5,5.154082775,0.727,2013,11,11
809196,54533,67,11.54028702,214.717155,0.177669679,6.100097656,40.13344574,0.525,2003,3,9
931408,54615,216,8.37415123,80.26145632,0.040090339,29.69995117,16.18759155,3.7175,2018,8,5
162686,53693,200,229.3406525,20.84175083,1.177834997,28.55004883,26.26409912,3.176,2010,7,20
858911,54601,214,16.12943459,207.8731667,0.03864364,24.80004883,10.65548038,3.4835,2011,8,3
663759,54499,359,76.10257721,161.6396488,0.60227769,-4.449951172,92.7480011,0.2395,2016,12,25
209362,53781,123,68.85488129,70.36970138,0.223925828,20.14990234,14.84191895,2.0335,2018,5,4
134266,53687,58,714.1533203,338.1738457,1.558229356,7.649902344,22.03845787,0.1,2017,2,28
198405,53773,208,66.17166138,230.6485844,0.01686437,25.05004883,24.25638771,1.9895,2004,7,27
264065,53794,56,37.37950134,133.07396,0.027744859,2.850097656,13.36445904,0.408333333,2012,2,26
13275,53484,335,1207.8479,235.6528623,1.315604531,-8.100097656,12.30225086,0.2105,2006,12,2
840836,54594,215,39.39690018,105.7803,0.105400552,25.30004883,137.0074615,3.107,2007,8,4
172371,53695,301,76.89522552,56.0180231,0.057051514,7.300048828,26.63674927,0.286333333,2016,10,28
1040318,54701,209,38.82559204,319.4180595,0.051053599,28.19995117,17.44293594,2.486,2009,7,29
552725,54416,44,76.22029114,171.5005449,0.203623788,3.800048828,1.927668929,0.307666667,2007,2,14
456364,53991,30,83.2177124,87.62323699,0.798042066,-1.399902344,16.67400742,0.415,2008,1,31
802181,54532,333,33.69972992,264.8677181,0.122899292,-2.149902344,1.78280592,0.378333333,2012,11,29
965974,54622,274,4.331436634,230.1262841,0.032463696,17.55004883,89.58641052,1.1,2017,10,2
439822,53986,304,76.31455231,63.72427236,0.036328115,11.39990234,85.10965729,0.432,2013,11,1
913490,54612,43,6.106146336,150.8365089,0.006929396,-0.850097656,2.909678459,0.201,2008,2,13
880770,54606,268,20.67079163,128.2962928,0.082792448,16.89990234,3.844286203,1.5415,2008,9,25
49680,53498,212,612.6900635,40.73447568,0.949586069,25.05004883,16.42811775,1.866,2004,7,31
647888,54453,136,23.29999924,86.95614208,0.914833075,16.30004883,0.950792551,0.674,2007,5,17
305694,53882,192,990.190918,313.0194599,1.062046326,18.85009766,3.929403782,1.2765,2003,7,12
358352,53893,0,41.69786072,149.7892764,0.000354227,-1.800048828,48.60140991,0.406,2020,1,1
563610,54420,2,549.7913818,298.1052962,2.717963825,-2.5,16.77517319,0.335,2004,1,3
869758,54604,176,31.98164749,107.8299761,0.063529321,26.39990234,38.34016037,1.4315,2012,6,25
346056,53890,292,282.680481,109.4989125,1.918995408,16.10009766,4.389786243,1.4685,2011,10,20
559828,54420,196,549.7913818,298.1052962,2.717963825,25.5,18.81304169,3.451,2006,7,16
147365,53690,270,263.4576721,109.9361368,0.43186259,19.39990234,35.88066864,1.491333333,2020,9,27
11487,53484,325,1207.8479,235.6528623,1.315604531,0.449951172,11.55296421,0.349,2007,11,22
526659,54405,281,577.2617188,210.1046749,1.23614442,10.64990234,12.83060455,0.561666667,2008,10,8
648655,54453,200,23.29999924,86.95614208,0.914833075,23.30004883,0.800102472,2.380666667,2012,7,19
946458,54618,358,13.92222023,316.7602436,0.027222871,0.5,14.40600395,0.449,2005,12,25
690785,54506,206,26.62067604,187.074144,0.038577098,28.25,4.133396149,2.984,2015,7,26
604528,54431,362,20.99802399,150.166562,0.007372048,-2.449951172,9.273584366,0.615,2015,12,29
1033609,54700,264,17.60218811,6.143684526,0.0176074,19.14990234,4.546149731,1.8275,2005,9,22
625985,54436,346,289.5231934,164.7647714,2.049309733,-5.199951172,4.862799168,0.478333333,2012,12,12
510651,54399,256,50.74262619,25.05564466,0.11889927,21.5,96.835289,1.6715,2012,9,13
71838,53584,81,1002.041138,327.175018,0.178395405,7.449951172,44.47531891,0.256,2017,3,23
186886,53698,304,104.4470749,84.25766625,0.389556167,16.14990234,32.48695374,0.695,2015,11,1
23977,53487,160,1053.878296,183.0131741,0.241977083,22.05004883,1.479667425,0.803,2006,6,10
1019898,54640,58,39.46227264,129.3765576,0.069559077,5.850097656,47.77386475,0.4105,2014,2,28
919530,54613,11,6.885145664,310.2380525,0.030385764,-6.899902344,14.73487473,0.1875,2016,1,12
13801,53484,343,1207.8479,235.6528623,1.315604531,-6.75,10.86512089,0.316,2020,12,9
873853,54604,109,31.98164749,107.8299761,0.063529321,14.05004883,38.83428955,0.318333333,2005,4,20
27523,53488,171,1037.28772,152.8779855,0.597159625,30,11.25623035,2.367,2020,6,20
691945,54506,223,26.62067604,187.074144,0.038577098,22.85009766,4.115298748,3.126,2005,8,12
445483,53988,144,79.37897491,91.96340862,0.074288151,26.75,25.68252945,2.483,2008,5,24
538733,54410,32,1054.529541,225.60448,10.8681215,-13.35009766,0.39781028,0.1,2006,2,2
63404,53582,311,1080.845215,270.7969824,0.290203017,-12.69995117,7.880090714,0.2925,2003,11,8
425403,53984,55,83.33021545,30.3798387,0.035323026,8.199951172,0.311990321,0.575,2018,2,25
920509,54613,79,6.885145664,310.2380525,0.030385764,10,23.44223022,0.38,2005,3,21
489375,53997,71,73.43373108,265.3631894,0.01707409,10,36.54109573,0.694,2015,3,13
893531,54608,98,28.51533699,69.45802211,0.051784827,21.5,33.24742508,0.517333333,2004,4,8
923316,54614,220,13.46562386,93.77259364,0.037885617,27.14990234,4.767386913,4.295,2008,8,8
1021925,54644,247,11.53129005,103.5343877,0.031339932,24,6.70445013,2.8145,2008,9,4
987911,54627,119,9.680943489,162.7086203,0.012703285,23.35009766,5.50128603,1.8015,2016,4,29
308560,53882,31,990.190918,313.0194599,1.062046326,0.550048828,3.115780115,0.366333333,2020,2,1
246020,53789,158,54.50845337,201.3583719,0.059725761,26.64990234,8.321949005,0.3415,2010,6,8
639304,54439,175,51.76901245,182.3883859,0.421472547,26.25,49.68577576,2.169333333,2008,6,24
601287,54431,303,20.99802399,150.166562,0.007372048,5.300048828,8.252586365,0.159333333,2016,10,30
617986,54434,302,117.6953278,166.6088796,0.935597698,13.89990234,2.156224728,0.9715,2003,10,30
42655,53492,44,921.5330811,119.0801635,0.648105141,-11.75,28.80620193,0.135,2010,2,14
1025936,54645,161,4.24018383,111.3878891,0.045058177,21.75,15.97842026,0.2845,2012,6,10
556977,54419,347,64.87880707,205.1454953,2.53685342,-5.449951172,0.430416644,0.245666667,2009,12,14
537132,54408,156,527.0115967,77.24585077,0.177190338,20.94995117,8.791093826,0.85,2017,6,6
873288,54604,65,31.98164749,107.8299761,0.063529321,7.800048828,38.34016037,0.237333333,2012,3,6
860909,54602,213,17.88450623,90.26435047,0.057586478,23.5,6.137900829,3.314,2006,8,2
268126,53794,288,37.37950134,133.07396,0.027744859,16.94995117,12.08341694,0.703,2008,10,15
266027,53794,20,37.37950134,133.07396,0.027744859,4.5,13.53376007,0.4225,2009,1,21
836684,54541,121,25.9809494,239.7018036,0.108956851,18.94995117,20.89507675,1.2915,2008,5,1
855624,54601,110,16.12943459,207.8731667,0.03864364,15.10009766,8.56287384,1.119,2014,4,21
585686,54428,248,16.97657967,188.1365635,0.275333541,28.10009766,30.23908234,2.7025,2020,9,5
226166,53784,1,42.68608093,85.16647051,0.097127495,-5.350097656,37.80528641,0.1875,2013,1,2
22914,53487,302,1053.878296,183.0131741,0.241977083,4.25,1.479667425,0.474333333,2006,10,30
740051,54518,212,11.03508663,220.943583,0.03089015,22.44995117,3.0160079,1.2445,2010,8,1
108432,53599,4,864.3309937,191.9898532,0.648322517,-10.25,34.3840332,0.25,2003,1,5
867107,54603,62,10.51923084,348.1960892,0.019294042,-2.649902344,1.437405229,0.384,2012,3,3
816422,54534,248,25.95067215,216.1142045,0.045902368,19.85009766,28.36293221,0.457666667,2013,9,6
456245,53991,148,83.2177124,87.62323699,0.798042066,27.64990234,17.50151443,0.5195,2017,5,29
39147,53491,23,825.5666504,37.67541234,1.20094818,-14.35009766,23.68689919,0.2325,2004,1,24
274243,53796,123,33.00963974,210.1356242,0.038511114,14.94995117,8.986127853,0.733,2014,5,4
603522,54431,93,20.99802399,150.166562,0.007372048,16.35009766,7.903123856,0.9945,2009,4,4
903843,54610,358,10.51143265,59.07722871,0.015818866,-7.25,8.452653885,0.3645,2012,12,24
567959,54421,36,267.21875,195.8865899,0.724531331,-1.399902344,0.364612132,0.326666667,2003,2,6
952702,54620,11,21.78257179,159.7526905,0.024390705,-3.5,17.69917488,0.286333333,2012,1,12
65802,53582,200,1080.845215,270.7969824,0.290203017,20,7.494364738,1.0165,2008,7,19
910001,54611,166,41.37607956,105.4333191,0.302245262,25,14.90180111,1.746,2004,6,15
827764,54539,209,9.660331726,234.2603932,0.045227975,27.89990234,25.83439255,3.305,2020,7,28
568776,54421,62,267.21875,195.8865899,0.724531331,7.75,2.845095396,0.3525,2019,3,4
977815,54624,259,5.218541145,220.5680908,0.018415567,26.14990234,6.215921879,2.9525,2016,9,16
927860,54615,205,8.37415123,80.26145632,0.040090339,28.35009766,17.62194061,2.537333333,2012,7,24
94136,53594,114,968.795166,136.4476717,0.775982177,16.14990234,2.877849102,0.456,2005,4,25
459868,53991,226,83.2177124,87.62323699,0.798042066,29.80004883,17.38212204,2.722,2014,8,15
933024,54616,8,9.847643852,236.342149,0.011754861,-6.350097656,1.889963508,0.1765,2011,1,9
884551,54606,291,20.67079163,128.2962928,0.082792448,13.25,6.936709881,1.6115,2011,10,19
47479,53498,123,612.6900635,40.73447568,0.949586069,21.64990234,17.06590843,0.301,2012,5,3
440302,53987,333,96.9112854,359.440113,0.147496255,3.050048828,3.179669619,0.4,2019,11,30
181539,53697,278,56.75912094,10.62441988,0.013793757,23.14990234,73.23878479,1.511,2013,10,6
98649,53596,31,54.5674057,161.0049777,0.111269687,-0.399902344,11.15218353,0.397666667,2009,2,1
618906,54434,341,117.6953278,166.6088796,0.935597698,-0.350097656,2.258776188,0.390333333,2007,12,8
1004285,54632,208,35.35056686,67.67634997,0.053828468,26.14990234,45.73333359,2.958,2020,7,27
26682,53488,241,1037.28772,152.8779855,0.597159625,20.55004883,10.58402824,0.347,2016,8,29
887371,54607,232,47.59946442,124.3020932,0.05293562,21.44995117,5.174836636,1.212333333,2018,8,21
869944,54604,219,31.98164749,107.8299761,0.063529321,29.14990234,36.09860611,4.2785,2011,8,8
834586,54541,333,25.9809494,239.7018036,0.108956851,1.899902344,20.98118782,0.712,2018,11,30
530736,54406,358,484.6069336,332.9280214,0.290583379,-7.850097656,30.19065475,0.4315,2006,12,25
436147,53986,348,76.31455231,63.72427236,0.036328115,2.25,90.72892761,0.217,2007,12,15
582747,54425,54,606.5336914,19.94240948,4.403615986,-3.5,12.6530714,0.408333333,2013,2,24
37633,53491,90,825.5666504,37.67541234,1.20094818,8.649902344,24.87921906,0.416666667,2006,4,1
464491,53992,39,60.62039185,30.36846496,0.03321372,-6.899902344,8.789772987,0.368,2014,2,9
460070,53991,4,83.2177124,87.62323699,0.798042066,-0.949951172,18.05187416,0.701,2020,1,5
810777,54533,91,11.54028702,214.717155,0.177669679,15.39990234,36.74511719,0.756,2006,4,2
546706,54412,208,322.7095947,161.0543706,3.021688303,24.39990234,2.754489899,2.168,2009,7,28
832362,54540,242,17.47328758,157.1052432,0.34364992,22.89990234,2.887944698,0.252333333,2014,8,31
586900,54428,345,16.97657967,188.1365635,0.275333541,-7.800048828,30.09804344,0.34,2009,12,12
212167,53782,197,745.4827881,168.403804,1.037204204,23.94995117,5.690748215,1.8575,2012,7,16
954163,54620,126,21.78257179,159.7526905,0.024390705,23.14990234,17.69917488,1.475,2012,5,6
790124,54529,273,2.599947214,80.92270514,0.072123654,21.10009766,3.632717609,1.8605,2006,10,1
680114,54503,37,15.3458128,103.0362047,0.047084811,-4,2.075824022,0.1815,2012,2,7
1039589,54701,285,38.82559204,319.4180595,0.051053599,17.69995117,19.21345901,0.8425,2012,10,12
655142,54454,4,40.78531265,94.04958482,1.184391984,-4.25,0.582947314,0.3255,2018,1,5
994199,54631,78,34.14572906,102.9134318,0.009747062,5.449951172,37.94892883,0.101,2011,3,20
216911,53782,333,745.4827881,168.403804,1.037204204,2,5.848185539,0.3875,2018,11,30
450488,53989,87,77.47494507,89.83081656,0.017710538,11.19995117,6.75484848,0.257,2004,3,28
238068,53788,351,1266.864014,82.53554635,0.466314786,-8.100097656,20.3327446,0.175,2003,12,18
68702,53584,273,1002.041138,327.175018,0.178395405,12.85009766,44.69819641,0.4575,2011,10,1
510250,54399,50,50.74262619,25.05564466,0.11889927,9.149902344,83.06348419,0.674,2007,2,20
371935,53895,246,113.466362,82.74050062,0.914207786,22.55004883,3.113735676,1.593,2012,9,3
690956,54506,219,26.62067604,187.074144,0.038577098,26.35009766,3.967931271,3.8145,2013,8,8
354561,53892,319,62.57418442,78.46711792,0.795251148,-0.899902344,81.79195404,0.126333333,2009,11,16
397590,53974,327,68.2572937,191.4906623,0.017483511,6.949951172,3.698554993,0.456,2010,11,24
808311,54533,360,11.54028702,214.717155,0.177669679,-3.649902344,42.25534821,0.3415,2020,12,26
30149,53488,178,1037.28772,152.8779855,0.597159625,23.25,8.537218094,2.279,2008,6,27
259030,53792,341,85.85259247,235.6478876,0.342894169,4.800048828,3.494914055,0.416666667,2004,12,7
336199,53888,197,1109.131592,41.17011363,0.92762042,22,19.0754776,1.6285,2008,7,16
496377,53998,68,63.77064514,242.413221,0.005414375,6.449951172,14.81012917,0.339,2006,3,10
573208,54423,74,372.4054565,105.0277074,1.929514718,4.699951172,61.1995697,0.257,2008,3,15
481679,53996,209,58.74365234,294.7846092,0.018395497,28.30004883,5.95803833,4.1235,2020,7,28
606898,54432,181,324.1832581,144.8286271,2.214101548,26.5,12.06431103,1.608,2005,7,1
971944,54623,277,0.289766252,85.71033194,0.026643368,16.5,1.120854974,1.49,2014,10,5
69417,53584,324,1002.041138,327.175018,0.178395405,-1.899902344,44.47531891,0.3485,2017,11,21
567063,54421,7,267.21875,195.8865899,0.724531331,-8.600097656,0.903400302,0.211,2014,1,8
880379,54606,33,20.67079163,128.2962928,0.082792448,-0.199951172,6.472561359,0.420333333,2020,2,3
1029911,54645,76,4.24018383,111.3878891,0.045058177,8.899902344,20.43413734,0.343,2006,3,18
192745,53699,39,46.57213211,308.9787795,0.020316857,6.449951172,28.43532944,0.492333333,2020,2,9
776417,54526,196,4.854492188,142.8654265,0.029535734,26.35009766,28.68836975,1.025,2016,7,15
865335,54603,266,10.51923084,348.1960892,0.019294042,24.55004883,1.720637441,0.8755,2017,9,24
804689,54532,205,33.69972992,264.8677181,0.122899292,27.35009766,1.78280592,0.857,2012,7,24
882808,54606,128,20.67079163,128.2962928,0.082792448,22.94995117,5.84067297,1.569,2018,5,9
1027776,54645,293,4.24018383,111.3878891,0.045058177,15.35009766,17.67073059,1.036333333,2016,10,20
388580,53899,213,49.06642151,211.0807326,0.043386772,24.39990234,4.778943539,5.396,2008,8,1
871730,54604,298,31.98164749,107.8299761,0.063529321,9.300048828,36.09860611,0.7165,2011,10,26
517287,54401,357,764.9493408,231.4270322,1.332494576,-6.649902344,21.6436367,0.289333333,2011,12,24
66640,53582,107,1080.845215,270.7969824,0.290203017,5.199951172,1.855991125,0.212,2016,4,17
404575,53980,246,53.10822678,243.6149809,0.065468232,25,46.73313904,1.039,2015,9,4
331687,53888,221,1109.131592,41.17011363,0.92762042,21.55004883,15.28326702,1.756,2016,8,9
123943,53682,4,106.2346497,137.3784893,0.54115572,-8,12.71910286,0.291,2003,1,5
166995,53694,249,126.1332779,13.48280629,0.424777967,26.60009766,5.756887913,1.55,2019,9,7
268478,53794,285,37.37950134,133.07396,0.027744859,16.94995117,14.81877708,1.0625,2020,10,12
610463,54432,147,324.1832581,144.8286271,2.214101548,26.39990234,13.01970768,1.546,2012,5,27
720843,54514,99,56.07164001,112.2561125,0.164433074,14.19995117,104.2205658,0.6465,2019,4,10
27397,53488,194,1037.28772,152.8779855,0.597159625,23.5,11.25623035,2.6405,2020,7,13
562199,54420,65,549.7913818,298.1052962,2.717963825,-5.550048828,17.60860252,0.377,2007,3,7
773234,54526,40,4.854492188,142.8654265,0.029535734,6.800048828,32.60449982,0.566,2020,2,10
679723,54503,69,15.3458128,103.0362047,0.047084811,1.600097656,2.520877361,0.1375,2005,3,11
278332,53796,279,33.00963974,210.1356242,0.038511114,19.05004883,9.174513817,0.78,2018,10,7
845804,54596,287,48.02468109,245.3569192,0.103934915,14.39990234,3.142745495,0.9275,2010,10,15
564278,54420,206,549.7913818,298.1052962,2.717963825,24.80004883,17.53624535,2.087,2011,7,26
318561,53884,298,885.6782837,123.5200978,0.708733073,9.100097656,41.94325256,0.5955,2019,10,26
214124,53782,29,745.4827881,168.403804,1.037204204,-2.100097656,5.690748215,0.347,2012,1,30
793472,54530,316,1.417702198,349.5198117,0.013190206,3.050048828,7.511464119,0.621,2009,11,13
752036,54521,322,13.35898018,146.9637988,0.054284492,3.449951172,2.435773849,0.63,2014,11,19
371618,53895,263,113.466362,82.74050062,0.914207786,24.69995117,3.584336042,2.242,2014,9,21
507379,54399,325,50.74262619,25.05564466,0.11889927,-9.850097656,92.98934174,0.302666667,2015,11,22
245722,53789,137,54.50845337,201.3583719,0.059725761,17.64990234,9.159418106,1.625,2008,5,17
164239,53693,70,229.3406525,20.84175083,1.177834997,9.25,32.0345726,0.4875,2017,3,12
56026,53499,159,756.5604858,167.7816879,0.540166383,27.39990234,10.19079399,1.2005,2019,6,9
668098,54501,95,445.3742371,104.9459385,2.342985258,10.35009766,1.407772541,0.561,2004,4,5
962079,54621,205,38.48819733,322.1955684,0.063163806,31.10009766,10.22943115,5.137666667,2016,7,24
605444,54431,30,20.99802399,150.166562,0.007372048,-3.600097656,8.252586365,0.298,2016,1,31
601067,54431,98,20.99802399,150.166562,0.007372048,10.64990234,5.505701065,0.6055,2006,4,9
789246,54529,317,2.599947214,80.92270514,0.072123654,6.5,6.989686966,0.504,2014,11,14
10562,53484,231,1207.8479,235.6528623,1.315604531,23.75,12.27291012,1.1905,2010,8,20
798876,54531,13,44.23422241,74.18909675,0.327586786,-3.149902344,10.02943325,0.5545,2015,1,14
336735,53889,306,328.6388245,110.8065712,2.163144406,9.600097656,9.044867516,0.6835,2009,11,3
993318,54628,111,7.944516182,61.54707009,0.016416684,20.75,2.495489836,0.43,2005,4,22
626141,54436,119,289.5231934,164.7647714,2.049309733,20.64990234,8.511474609,1.1295,2003,4,30
341024,53889,156,328.6388245,110.8065712,2.163144406,23.14990234,7.096590996,2.5055,2013,6,6
459302,53991,111,83.2177124,87.62323699,0.798042066,19.85009766,17.29864693,0.752,2015,4,22
71304,53584,92,1002.041138,327.175018,0.178395405,14.64990234,47.09951782,0.373333333,2019,4,3
942632,54618,4,13.92222023,316.7602436,0.027222871,-4.850097656,11.59691429,0.248,2011,1,5
951408,54619,27,6.3875103,106.5646982,0.082250984,-0.399902344,34.60638428,0.469,2009,1,28
859607,54602,359,17.88450623,90.26435047,0.057586478,-7.399902344,7.700063705,0.358,2018,12,26
731436,54517,236,5.943824291,175.9713965,0.134458657,26.30004883,3.273890257,2.028,2011,8,25
806604,54532,200,33.69972992,264.8677181,0.122899292,30.14990234,2.194353819,4.1685,2017,7,20
958662,54621,130,38.48819733,322.1955684,0.063163806,19.10009766,11.48732567,1.263333333,2004,5,10
65472,53582,27,1080.845215,270.7969824,0.290203017,-14.30004883,2.226766348,0.129,2018,1,28
920701,54613,79,6.885145664,310.2380525,0.030385764,9.75,17.42913055,1.026,2007,3,21
927740,54615,267,8.37415123,80.26145632,0.040090339,18.05004883,14.07536316,1.008,2010,9,25
887029,54607,52,47.59946442,124.3020932,0.05293562,4.649902344,5.089731216,0.242,2017,2,22
399618,53979,64,117.1974792,143.6870055,0.178069937,3.199951172,6.44508791,0.46,2010,3,6
245443,53789,356,54.50845337,201.3583719,0.059725761,-0.899902344,8.02934742,0.5105,2015,12,23
852555,54597,41,465.9544678,79.52284433,15.66149783,2.350097656,0.566598117,0.326,2017,2,11
92929,53593,340,913.4979858,332.0099656,0.354071442,-8.399902344,35.23461151,0.155,2006,12,7
867230,54603,291,10.51923084,348.1960892,0.019294042,13.05004883,1.72788763,2.0805,2019,10,19
884523,54606,134,20.67079163,128.2962928,0.082792448,23.85009766,5.435756683,2.044,2005,5,15
393165,53899,284,49.06642151,211.0807326,0.043386772,17.10009766,5.47730732,0.353,2005,10,12
378926,53897,4,74.2021637,95.91047774,0.738838682,-0.350097656,11.22139359,0.244,2007,1,5
792962,54530,313,1.417702198,349.5198117,0.013190206,7,9.926878929,0.594,2004,11,9
55142,53499,84,756.5604858,167.7816879,0.540166383,3.399902344,12.5012064,0.09,2009,3,26
241586,53788,276,1266.864014,82.53554635,0.466314786,14.14990234,26.93276596,0.376,2006,10,4
623967,54436,57,289.5231934,164.7647714,2.049309733,5.050048828,5.212719917,0.218,2013,2,27
678499,54503,212,15.3458128,103.0362047,0.047084811,23.39990234,2.297644377,3.0185,2006,8,1
366419,53894,324,172.6613617,58.88997573,3.77150108,4.600097656,23.06047058,0.6945,2016,11,20
642139,54439,207,51.76901245,182.3883859,0.421472547,28.19995117,57.40672302,3.229,2018,7,27
692498,54506,287,26.62067604,187.074144,0.038577098,12.80004883,4.146269321,0.782,2012,10,14
199931,53773,183,66.17166138,230.6485844,0.01686437,28.39990234,24.25638771,1.4665,2004,7,2
566434,54421,0,267.21875,195.8865899,0.724531331,-0.399902344,0.903400302,0.43,2014,1,1
697773,54507,279,48.86540604,138.9250501,0.246244911,17.14990234,5.310395241,1.227666667,2019,10,7
930445,54615,130,8.37415123,80.26145632,0.040090339,22.14990234,14.6777153,0.385,2017,5,11
714843,54513,144,79.13307953,91.86324999,0.595800354,29.35009766,56.91771317,2.127666667,2015,5,25
1030729,54700,217,17.60218811,6.143684526,0.0176074,27.44995117,4.459956169,4.077,2015,8,6
263440,53792,323,85.85259247,235.6478876,0.342894169,3.149902344,2.251796961,0.613,2013,11,20
626756,54437,149,18.17318916,209.9115981,0.058694301,20.69995117,4.925285816,0.8815,2009,5,30
1011732,54636,106,12.03796577,196.3041706,0.032500434,13.30004883,5.593091488,1.845,2014,4,17
834601,54541,279,25.9809494,239.7018036,0.108956851,15.89990234,20.35041237,1.423,2005,10,7
24101,53487,175,1053.878296,183.0131741,0.241977083,27.64990234,1.202162266,0.9105,2009,6,25
279548,53797,158,164.0783234,124.0873794,0.810901816,27.89990234,0.991941094,0.728,2018,6,8
794774,54530,16,1.417702198,349.5198117,0.013190206,-2.399902344,10.37213612,0.358,2012,1,17
192594,53699,94,46.57213211,308.9787795,0.020316857,15.80004883,33.12456131,0.991,2003,4,5
436110,53986,310,76.31455231,63.72427236,0.036328115,18.55004883,89.19039917,1.8835,2009,11,7
1023553,54644,350,11.53129005,103.5343877,0.031339932,3.5,6.70445013,0.488,2008,12,16
13396,53484,312,1207.8479,235.6528623,1.315604531,-0.350097656,12.27291012,0.342,2010,11,9
909313,54611,249,41.37607956,105.4333191,0.302245262,18.35009766,13.70865726,2.425,2011,9,7
536149,54408,103,527.0115967,77.24585077,0.177190338,5.199951172,8.992136002,0.412666667,2006,4,14
179121,53696,330,54.94958115,103.0077682,0.076481506,3.699951172,9.951367378,0.403,2016,11,26
239460,53788,264,1266.864014,82.53554635,0.466314786,16.75,28.53965569,0.554666667,2012,9,21
937836,54617,348,13.93765259,350.5326004,0.042255551,-1.149902344,0.193081707,0.349,2007,12,15
516513,54401,233,764.9493408,231.4270322,1.332494576,28.5,21.6436367,1.7195,2011,8,22
554238,54419,195,64.87880707,205.1454953,2.53685342,26.75,0.48443234,3.5245,2005,7,15
225070,53784,143,42.68608093,85.16647051,0.097127495,20.44995117,36.40259933,0.5085,2016,5,23
744475,54519,319,13.98283672,251.5700158,0.050292364,1.850097656,17.46291733,0.397,2007,11,16
188761,53698,133,104.4470749,84.25766625,0.389556167,27.30004883,30.15492439,1.065,2007,5,14
689247,54506,124,26.62067604,187.074144,0.038577098,18.80004883,4.133396149,0.489,2015,5,5
936569,54616,315,9.847643852,236.342149,0.011754861,6.149902344,1.889963508,0.1565,2011,11,12
504014,54398,329,31.76464844,259.4057302,0.127092934,2.600097656,38.12960052,0.587666667,2014,11,26
878212,54605,41,10.88305378,70.05738646,0.071092106,-2.350097656,15.68854046,0.1,2010,2,11
347796,53891,66,45.71702957,14.20570222,0.070154079,6.649902344,11.575737,0.1725,2006,3,8
595348,54429,323,54.33362579,207.6731135,0.195405379,3.350097656,35.8812294,0.3805,2012,11,19
662787,54499,294,76.10257721,161.6396488,0.60227769,17.75,66.53313446,0.757,2009,10,22
754423,54521,349,13.35898018,146.9637988,0.054284492,-3.75,2.131945133,0.3445,2015,12,16
340529,53889,213,328.6388245,110.8065712,2.163144406,26.35009766,10.34017658,4.137,2005,8,2
66560,53582,168,1080.845215,270.7969824,0.290203017,25,2.226766348,2.495,2018,6,18
720290,54514,261,56.07164001,112.2561125,0.164433074,24,87.11856079,2.4585,2014,9,19
900469,54609,243,23.64011383,175.6762153,0.009159718,24.35009766,2.574740887,2.118,2004,8,31
781629,54528,165,5.490311146,27.24323301,0.068123093,29.64990234,90.51107788,0.926,2015,6,15
450382,53989,114,77.47494507,89.83081656,0.017710538,14.25,6.830228329,0.978,2007,4,25
87908,53590,1,974.1904297,91.58387138,0.501125583,-8.449951172,12.28392506,0.388,2019,1,2
766730,54525,121,8.204306602,212.1795062,0.034952981,23.55004883,17.02991867,2.368,2016,5,1
115286,53681,323,1087.292847,85.26345202,0.658918453,-0.399902344,11.93427849,0.271,2017,11,20
606638,54432,71,324.1832581,144.8286271,2.214101548,1.550048828,14.85324192,0.3095,2003,3,13
112263,53680,215,101.5727997,220.3214857,0.337485212,27.39990234,14.30572796,2.8765,2003,8,4
795003,54530,304,1.417702198,349.5198117,0.013190206,11.60009766,10.7081089,0.233,2013,11,1
45283,53492,221,921.5330811,119.0801635,0.648105141,22.55004883,25.76844025,1.4675,2003,8,10
762250,54523,243,8.538253784,91.55363047,0.051265365,26.94995117,6.242430687,1.1615,2012,8,31
175844,53695,191,76.89522552,56.0180231,0.057051514,24.60009766,25.32888985,0.325666667,2003,7,11
303819,53880,175,947.7709961,294.4672046,0.370710832,21.94995117,37.05342102,0.597333333,2003,6,25
214808,53782,78,745.4827881,168.403804,1.037204204,4.649902344,6.029223442,0.365,2003,3,20
675686,54502,124,33.49283218,108.7138985,0.115602131,23.64990234,10.67496014,2.154,2013,5,5
488957,53997,283,73.43373108,265.3631894,0.01707409,19.19995117,27.1824379,0.1975,2004,10,10
531552,54406,244,484.6069336,332.9280214,0.290583379,17.60009766,34.96593475,1.455,2010,9,2
850086,54597,122,465.9544678,79.52284433,15.66149783,17.75,0.441898078,0.630333333,2006,5,3
952389,54619,273,6.3875103,106.5646982,0.082250984,17.19995117,34.47984314,0.5275,2013,10,1
803775,54532,96,33.69972992,264.8677181,0.122899292,18.94995117,2.111270666,0.7955,2009,4,7
642754,54452,294,359.6134033,80.31791763,0.268897325,14.10009766,9.534989357,0.725333333,2019,10,22
691909,54506,177,26.62067604,187.074144,0.038577098,30.55004883,3.817590952,2.055,2014,6,27
189373,53698,71,104.4470749,84.25766625,0.389556167,6,26.23900795,0.7185,2010,3,13
1040398,54701,200,38.82559204,319.4180595,0.051053599,30.10009766,19.21345901,2.936,2012,7,19
609033,54432,311,324.1832581,144.8286271,2.214101548,5.600097656,10.89799786,0.169,2011,11,8
372637,53896,278,51.33592224,125.2125497,0.055323727,16.19995117,4.321967602,1.0845,2003,10,6
86503,53590,14,974.1904297,91.58387138,0.501125583,-8.800048828,12.31248283,0.2685,2016,1,15
470920,53993,227,54.1350708,82.22449734,0.030065204,24.80004883,14.19945431,2.6995,2010,8,16
207402,53781,123,68.85488129,70.36970138,0.223925828,16.35009766,19.37360001,0.883,2011,5,4
40179,53491,236,825.5666504,37.67541234,1.20094818,19.94995117,24.87921906,0.1415,2006,8,25
517733,54404,141,885.8016968,73.05076774,3.139401645,23.64990234,4.270751953,1.0355,2010,5,22
1005795,54633,53,28.09471321,196.3089822,0.005536887,-2.350097656,2.799500942,0.423,2009,2,23
268028,53794,91,37.37950134,133.07396,0.027744859,15.05004883,13.94145966,0.6415,2017,4,2
749235,54520,273,19.60611725,86.33077874,0.094219693,11,9.589104652,1.669,2020,9,30
639101,54439,213,51.76901245,182.3883859,0.421472547,28.44995117,53.98206711,1.0975,2015,8,2
991668,54628,41,7.944516182,61.54707009,0.016416684,1.25,2.838439941,0.5225,2019,2,11
258627,53792,163,85.85259247,235.6478876,0.342894169,26.25,2.155300617,2.5515,2018,6,13
235508,53786,348,1164.700928,52.15887611,3.005576997,-3.25,0.834511817,0.3855,2012,12,14
565949,54421,155,267.21875,195.8865899,0.724531331,26.80004883,0.273717552,1.071,2007,6,5
717945,54513,198,79.13307953,91.86324999,0.595800354,30.25,59.34819412,1.8095,2017,7,18
933463,54616,120,9.847643852,236.342149,0.011754861,17.89990234,1.628402233,1.0585,2018,5,1
732103,54517,39,5.943824291,175.9713965,0.134458657,-3.600097656,2.713778496,0.268,2003,2,9
777075,54527,8,3.209112167,332.199624,0.035503334,-2.75,3.631968975,0.3375,2018,1,9
769092,54525,38,8.204306602,212.1795062,0.034952981,2,16.68068886,0.3505,2004,2,8
462562,53992,96,60.62039185,30.36846496,0.03321372,15.25,7.760030746,1.0035,2005,4,7
958533,54621,51,38.48819733,322.1955684,0.063163806,-0.800048828,11.13692284,0.433,2005,2,21
307207,53882,85,990.190918,313.0194599,1.062046326,18.10009766,3.453045368,0.344,2014,3,27
25369,53487,142,1053.878296,183.0131741,0.241977083,18.55004883,1.49238646,0.2635,2014,5,23
290347,53799,258,29.7186203,286.9415453,0.029334853,21.94995117,4.653524399,0.232,2017,9,16
1013324,54636,217,12.03796577,196.3041706,0.032500434,25.05004883,6.472719193,4.151,2005,8,6
1023130,54644,246,11.53129005,103.5343877,0.031339932,19.19995117,7.35667038,1.84,2005,9,4
105381,53599,175,864.3309937,191.9898532,0.648322517,22.10009766,51.64694595,2.2755,2017,6,25
32661,53490,102,1011.112488,147.1288676,0.854846551,10.55004883,2.996563911,0.4135,2005,4,13
740244,54519,156,13.98283672,251.5700158,0.050292364,27.85009766,17.92124557,2.451333333,2016,6,5
585604,54428,51,16.97657967,188.1365635,0.275333541,-1.100097656,27.03059769,0.4965,2014,2,21
8594,53483,357,1283.599854,113.9866821,0.702907264,-11.35009766,18.08626175,0.238666667,2017,12,24
240964,53788,42,1266.864014,82.53554635,0.466314786,-3.800048828,20.3327446,0.179,2003,2,12
836751,54541,87,25.9809494,239.7018036,0.108956851,10.5,20.98118782,0.8085,2018,3,29
288933,53798,277,139.851532,143.3450861,1.139500864,21.60009766,1.895503283,1.2145,2010,10,5
670514,54501,260,445.3742371,104.9459385,2.342985258,9.600097656,2.561281204,0.2875,2011,9,18
769318,54525,101,8.204306602,212.1795062,0.034952981,10.80004883,13.24029922,0.3915,2006,4,12
967991,54622,101,4.331436634,230.1262841,0.032463696,10.44995117,68.02283478,1.024,2008,4,11
170368,53694,333,126.1332779,13.48280629,0.424777967,1.100097656,11.97517681,0.4805,2006,11,30
909307,54611,164,41.37607956,105.4333191,0.302245262,26.14990234,13.26045322,2.1195,2007,6,14
197481,53773,273,66.17166138,230.6485844,0.01686437,20.94995117,20.54874611,0.5665,2013,10,1
140014,53689,217,44.15503693,302.2731261,0.009120118,27.75,6.063848019,5.5665,2016,8,5
846900,54596,66,48.02468109,245.3569192,0.103934915,11,3.548736811,0.574,2020,3,7
307020,53882,242,990.190918,313.0194599,1.062046326,22.85009766,2.371001244,2.59,2011,8,31
646007,54452,74,359.6134033,80.31791763,0.268897325,3.449951172,12.78233624,0.354333333,2003,3,16
17918,53486,346,1047.800293,125.8046764,0.250101124,-7.350097656,7.019939423,0.324,2008,12,12
54187,53499,43,756.5604858,167.7816879,0.540166383,-5.300048828,12.85697937,0.3255,2010,2,13
148234,53690,130,263.4576721,109.9361368,0.43186259,24.25,31.52800751,0.859666667,2010,5,11
197958,53773,340,66.17166138,230.6485844,0.01686437,-2.600097656,18.46744919,0.7265,2006,12,7
15401,53484,242,1207.8479,235.6528623,1.315604531,18.55004883,11.30578041,0.902,2013,8,31
125371,53685,254,960.8686523,340.5627462,0.859566337,16.55004883,3.799952984,0.823,2015,9,12
573740,54423,5,372.4054565,105.0277074,1.929514718,-10.64990234,71.6218338,0.3365,2003,1,6
375939,53896,36,51.33592224,125.2125497,0.055323727,0.149902344,4.040457726,0.1975,2015,2,6
155137,53691,327,74.4357605,79.32501126,0.103286578,-11.5,43.8738327,0.251666667,2015,11,24
275300,53796,172,33.00963974,210.1356242,0.038511114,28.60009766,10.00788593,1.4835,2008,6,21
333649,53888,218,1109.131592,41.17011363,0.92762042,22.69995117,14.04993343,2.877,2019,8,7
560013,54420,150,549.7913818,298.1052962,2.717963825,19.39990234,18.4901886,1.117,2017,5,31
960561,54621,53,38.48819733,322.1955684,0.063163806,9.300048828,10.9771452,0.7725,2020,2,23
222992,53784,2,42.68608093,85.16647051,0.097127495,-4.050048828,28.09235382,0.1015,2006,1,3
211633,53781,255,68.85488129,70.36970138,0.223925828,22.14990234,14.99369049,0.3985,2014,9,13
415085,53982,335,100.6605988,124.7652357,0.33881848,8.350097656,20.62380028,0.649,2016,12,1
806640,54532,260,33.69972992,264.8677181,0.122899292,12.60009766,1.897636294,0.41,2011,9,18
403196,53979,349,117.1974792,143.6870055,0.178069937,0.800048828,7.127845764,0.3805,2006,12,16
1044952,54702,133,24.33550072,54.71715159,0.044593853,24.64990234,63.0259552,1.078,2013,5,14
921377,54614,18,13.46562386,93.77259364,0.037885617,-5.149902344,4.52369833,0.1155,2006,1,19
456853,53991,317,83.2177124,87.62323699,0.798042066,7.75,16.67400742,0.617666667,2008,11,13
304590,53880,278,947.7709961,294.4672046,0.370710832,15.19995117,40.03445816,0.607333333,2011,10,6
156322,53692,237,66.17362976,123.6599535,0.237060349,22.64990234,14.1947403,1.5165,2009,8,26
146154,53690,264,263.4576721,109.9361368,0.43186259,20.75,35.31803513,0.873,2018,9,22
223868,53784,325,42.68608093,85.16647051,0.097127495,6,29.9093132,0.440333333,2010,11,22
231169,53785,15,38.79065704,127.491544,0.042659748,-7.300048828,6.192443848,0.402,2008,1,16
475043,53994,214,71.89333344,61.64060003,0.020799415,22.35009766,8.481484413,4.1495,2005,8,3
404667,53980,297,53.10822678,243.6149809,0.065468232,11.44995117,46.73313904,0.467333333,2015,10,25
62642,53582,327,1080.845215,270.7969824,0.290203017,-9,2.324064255,0.2845,2020,11,23
365613,53894,240,172.6613617,58.88997573,3.77150108,23.80004883,22.9860611,2.182,2014,8,29
56706,53499,220,756.5604858,167.7816879,0.540166383,27.30004883,18.07881355,2.817333333,2004,8,8
536656,54408,330,527.0115967,77.24585077,0.177190338,-3.899902344,9.019069672,0.357,2012,11,26
364610,53894,238,172.6613617,58.88997573,3.77150108,23.19995117,22.9860611,3.4015,2014,8,27
596432,54430,41,356.703125,339.4251388,2.506207354,-3.199951172,0.987267852,0.282,2017,2,11
470551,53993,100,54.1350708,82.22449734,0.030065204,13.19995117,10.56036949,0.19,2014,4,11
153319,53691,298,74.4357605,79.32501126,0.103286578,13.75,46.41293335,0.772,2019,10,26
475860,53994,270,71.89333344,61.64060003,0.020799415,16.39990234,7.569812775,0.4655,2008,9,27
64240,53582,143,1080.845215,270.7969824,0.290203017,19.94995117,8.560403824,0.185,2006,5,24
806033,54532,163,33.69972992,264.8677181,0.122899292,27.35009766,1.78280592,2.1895,2012,6,12
808324,54533,5,11.54028702,214.717155,0.177669679,-1.850097656,36.61923981,0.304333333,2015,1,6
57688,53580,364,1025.976074,142.2502027,0.514917983,-9.899902344,59.04196548,0.22,2008,12,30
668766,54501,179,445.3742371,104.9459385,2.342985258,18.85009766,1.676015139,0.8815,2015,6,29
493718,53998,183,63.77064514,242.413221,0.005414375,30.60009766,15.13397694,2.2565,2019,7,3
115232,53681,296,1087.292847,85.26345202,0.658918453,7.899902344,1.487486362,0.415,2003,10,24
191342,53698,101,104.4470749,84.25766625,0.389556167,16.14990234,33.23457718,1.1175,2016,4,11
828908,54540,362,17.47328758,157.1052432,0.34364992,-7.050048828,3.477270603,0.387,2011,12,29
936478,54616,127,9.847643852,236.342149,0.011754861,20.25,3.943247795,0.286,2003,5,8
297935,53878,28,785.15271,143.1225207,1.371895509,2,18.45549965,0.5245,2020,1,29
873509,54604,103,31.98164749,107.8299761,0.063529321,20.80004883,42.74821472,0.7085,2015,4,14
658954,54455,76,18.64442635,197.2676531,0.130842811,8.25,3.574336529,0.4175,2003,3,18
120671,53682,70,106.2346497,137.3784893,0.54115572,13.10009766,10.07092857,0.495,2011,3,12
285979,53798,314,139.851532,143.3450861,1.139500864,10.89990234,2.10239172,0.7575,2005,11,11
725908,54515,232,16.31572151,138.1065014,0.032033125,28.05004883,38.56101227,0.829666667,2016,8,20
714467,54513,63,79.13307953,91.86324999,0.595800354,5.550048828,46.38026047,0.231,2013,3,5
226000,53784,145,42.68608093,85.16647051,0.097127495,24.14990234,37.09149551,0.723,2015,5,26
375456,53896,357,51.33592224,125.2125497,0.055323727,-2.050048828,4.809417725,0.351,2008,12,23
575255,54424,86,31.84133148,262.8527353,0.179505171,17.39990234,8.219292641,0.4195,2016,3,27
754425,54521,40,13.35898018,146.9637988,0.054284492,-2.25,1.36577189,0.196666667,2003,2,10
121813,53682,254,106.2346497,137.3784893,0.54115572,22.5,9.897079468,2.563333333,2019,9,12
829677,54540,206,17.47328758,157.1052432,0.34364992,24.69995117,3.361240864,0.558333333,2016,7,25
597305,54430,215,356.703125,339.4251388,2.506207354,18.89990234,1.125116467,1.824,2015,8,4
175137,53695,234,76.89522552,56.0180231,0.057051514,27.55004883,27.99999809,3.975,2020,8,22
1001366,54632,113,35.35056686,67.67634997,0.053828468,12.30004883,48.87451172,0.574,2009,4,24
903119,54610,313,10.51143265,59.07722871,0.015818866,10.55004883,6.900740623,0.603,2005,11,10
167872,53694,230,126.1332779,13.48280629,0.424777967,24.10009766,11.09706688,3.434,2007,8,19
216204,53782,269,745.4827881,168.403804,1.037204204,8.5,4.572699547,0.243666667,2008,9,26
913339,54612,192,6.106146336,150.8365089,0.006929396,27.05004883,3.117931843,3.7875,2011,7,12
903095,54610,219,10.51143265,59.07722871,0.015818866,32.10009766,8.783154488,0.1855,2018,8,8
282481,53797,108,164.0783234,124.0873794,0.810901816,12.94995117,1.100500584,0.5695,2005,4,19
947455,54619,145,6.3875103,106.5646982,0.082250984,25.39990234,42.4057579,1.451,2019,5,26
257950,53791,284,70.53643036,34.12060872,0.190553544,16.80004883,3.976367712,1.4435,2016,10,11
836479,54541,22,25.9809494,239.7018036,0.108956851,-13.89990234,20.04370689,0.105,2016,1,23
520986,54404,29,885.8016968,73.05076774,3.139401645,-8.050048828,2.396127701,0.133,2005,1,30
344565,53890,282,282.680481,109.4989125,1.918995408,13.60009766,5.009896278,0.728333333,2015,10,10
784672,54528,347,5.490311146,27.24323301,0.068123093,-4.550048828,74.41633606,0.221333333,2010,12,14
688059,54505,275,116.7037354,69.52325837,2.583060171,21.10009766,51.53886032,1.838333333,2007,10,3
277917,53796,4,33.00963974,210.1356242,0.038511114,-3.050048828,9.174513817,0.5935,2018,1,5
835057,54541,353,25.9809494,239.7018036,0.108956851,-5.149902344,20.89507675,0.136,2008,12,19
158834,53692,201,66.17362976,123.6599535,0.237060349,28.89990234,14.40928364,2.633,2006,7,21
467984,53993,67,54.1350708,82.22449734,0.030065204,10.64990234,12.44324589,0.7165,2018,3,9
920028,54613,187,6.885145664,310.2380525,0.030385764,32.30004883,17.21891212,3.1335,2014,7,7
329982,53886,322,447.9111633,205.6673226,1.281078888,2.949951172,75.52729797,0.111,2017,11,19
303067,53880,265,947.7709961,294.4672046,0.370710832,17.94995117,40.41678619,0.316,2014,9,23
973368,54624,270,5.218541145,220.5680908,0.018415567,20.64990234,5.569225788,1.8175,2006,9,28
461443,53992,44,60.62039185,30.36846496,0.03321372,4.100097656,9.451717377,0.321,2008,2,14
373723,53896,363,51.33592224,125.2125497,0.055323727,3.5,3.418388128,0.3025,2013,12,30
540567,54410,250,1054.529541,225.60448,10.8681215,17.39990234,0.282839358,1.4905,2010,9,8
616838,54434,187,117.6953278,166.6088796,0.935597698,26.85009766,3.485492706,4.097,2012,7,6
232457,53785,212,38.79065704,127.491544,0.042659748,24.75,6.683459282,3.4705,2006,8,1
753251,54521,65,13.35898018,146.9637988,0.054284492,-5.649902344,2.343384266,0.3495,2010,3,7
477604,53995,151,62.77876282,166.1413377,0.040408393,28.14990234,18.95802498,2.4735,2017,6,1
416359,53982,82,100.6605988,124.7652357,0.33881848,15.10009766,24.28638077,1.332,2004,3,23
466187,53993,49,54.1350708,82.22449734,0.030065204,0.899902344,16.42942238,0.2455,2009,2,19
39882,53491,118,825.5666504,37.67541234,1.20094818,21.35009766,24.74964142,0.633,2007,4,29
437972,53986,342,76.31455231,63.72427236,0.036328115,4.899902344,85.10965729,0.4025,2013,12,9
983107,54626,205,15.68418026,96.76148973,0.024708683,31.80004883,25.74866867,3.2925,2020,7,24
686233,54505,40,116.7037354,69.52325837,2.583060171,-4.600097656,63.17737961,0.2385,2013,2,10
837895,54541,93,25.9809494,239.7018036,0.108956851,4.75,19.44104576,0.3895,2007,4,4
150665,53691,129,74.4357605,79.32501126,0.103286578,24.05004883,44.68971252,0.152,2012,5,9
480277,53995,224,62.77876282,166.1413377,0.040408393,27.55004883,18.95802498,3.4565,2017,8,13
628094,54437,49,18.17318916,209.9115981,0.058694301,4.800048828,2.988325596,0.402,2006,2,19
106925,53599,6,864.3309937,191.9898532,0.648322517,-3.649902344,29.99126244,0.204,2008,1,7
833767,54541,37,25.9809494,239.7018036,0.108956851,-8,19.7730217,0.159,2013,2,7
635593,54438,355,51.5436058,21.46474577,0.290493232,-1.699951172,7.429589272,0.4075,2007,12,22
116877,53681,61,1087.292847,85.26345202,0.658918453,4.699951172,11.70794868,0.5605,2019,3,3
1021417,54644,311,11.53129005,103.5343877,0.031339932,5.899902344,6.70445013,0.709,2008,11,7
239274,53788,250,1266.864014,82.53554635,0.466314786,13.94995117,28.53965569,1.4925,2012,9,7
989566,54628,199,7.944516182,61.54707009,0.016416684,22.75,3.558572769,2.8085,2006,7,19
601131,54431,308,20.99802399,150.166562,0.007372048,8.75,7.654436111,1.0925,2007,11,5
50153,53498,126,612.6900635,40.73447568,0.949586069,28.05004883,14.76346302,1.293,2009,5,7
806817,54532,56,33.69972992,264.8677181,0.122899292,-3,2.141832113,0.2125,2016,2,26
1007578,54633,204,28.09471321,196.3089822,0.005536887,23.75,3.010898352,0.385,2007,7,24
867457,54603,244,10.51923084,348.1960892,0.019294042,23.85009766,2.253623962,3.555,2006,9,2
789468,54529,56,2.599947214,80.92270514,0.072123654,-0.149902344,7.537578106,0.1915,2013,2,26
425256,53984,299,83.33021545,30.3798387,0.035323026,13.69995117,0.372526199,1.026,2010,10,27
379560,53897,173,74.2021637,95.91047774,0.738838682,29.05004883,8.721716881,3.367,2010,6,23
702538,54510,171,17.94413185,83.42849352,0.047268414,27.14990234,7.013218403,1.138,2010,6,21
513733,54401,339,764.9493408,231.4270322,1.332494576,-4.100097656,21.56260109,0.2135,2010,12,6
617507,54434,133,117.6953278,166.6088796,0.935597698,24.19995117,2.293798208,0.925,2004,5,13
95791,53594,254,968.795166,136.4476717,0.775982177,14.55004883,2.398038387,1.0645,2015,9,12
947882,54619,197,6.3875103,106.5646982,0.082250984,28.55004883,38.53629303,1.907333333,2015,7,17
869590,54604,294,31.98164749,107.8299761,0.063529321,13.55004883,35.26185989,1.284,2010,10,22
24009,53487,298,1053.878296,183.0131741,0.241977083,4.800048828,1.853219628,0.4445,2011,10,26
239876,53788,69,1266.864014,82.53554635,0.466314786,-3,20.99414635,0.39,2009,3,11
449744,53988,181,79.37897491,91.96340862,0.074288151,32.14990234,15.89404488,3.149333333,2017,7,1
392870,53899,38,49.06642151,211.0807326,0.043386772,-1.100097656,4.87821579,0.4645,2017,2,8
985677,54627,103,9.680943489,162.7086203,0.012703285,8,5.653780937,0.423,2006,4,14
760722,54522,204,21.19142342,202.6648879,0.221961722,27.75,19.7359848,2.9315,2003,7,24
580507,54425,46,606.5336914,19.94240948,4.403615986,-7.5,12.6530714,0.4155,2013,2,16
44110,53492,258,921.5330811,119.0801635,0.648105141,22.85009766,24.68424034,1.4065,2006,9,16
379766,53897,45,74.2021637,95.91047774,0.738838682,1.25,6.917840958,0.502,2013,2,15
823739,54539,203,9.660331726,234.2603932,0.045227975,26.55004883,21.98778152,4.79,2011,7,23
675030,54502,177,33.49283218,108.7138985,0.115602131,27.25,10.6748085,1.2625,2016,6,26
1047271,54703,80,20.42371941,240.7805994,0.02849898,9.75,18.30457878,0.352,2017,3,22
444066,53987,304,96.9112854,359.440113,0.147496255,14.80004883,3.179669619,0.4215,2019,11,1
335362,53888,166,1109.131592,41.17011363,0.92762042,24.14990234,9.085801125,0.76,2004,6,15
984369,54627,143,9.680943489,162.7086203,0.012703285,18.85009766,5.653780937,0.883,2006,5,24
791391,54529,211,2.599947214,80.92270514,0.072123654,28.10009766,8.703760147,4.456,2019,7,31
741818,54519,51,13.98283672,251.5700158,0.050292364,3.5,22.79114914,0.423,2004,2,21
455047,53989,230,77.47494507,89.83081656,0.017710538,23.60009766,6.110230923,3.355,2003,8,19
109001,53680,289,101.5727997,220.3214857,0.337485212,21.69995117,17.36355591,1.8175,2008,10,16
508382,54399,44,50.74262619,25.05564466,0.11889927,2.649902344,89.06945038,0.3275,2008,2,14
1000854,54632,210,35.35056686,67.67634997,0.053828468,28.69995117,52.13206482,3.2545,2008,7,29
370380,53895,322,113.466362,82.74050062,0.914207786,11.14990234,3.53233099,0.913333333,2010,11,19
1012378,54636,222,12.03796577,196.3041706,0.032500434,25.89990234,5.520272732,3.5975,2012,8,10
537793,54408,320,527.0115967,77.24585077,0.177190338,1.449951172,9.271263123,0.333,2018,11,17
725599,54515,277,16.31572151,138.1065014,0.032033125,14.69995117,36.49034119,0.64,2008,10,4
441267,53987,201,96.9112854,359.440113,0.147496255,23.69995117,2.180922747,0.646,2003,7,21
65765,53582,151,1080.845215,270.7969824,0.290203017,19.10009766,1.959683537,0.587,2013,6,1
37296,53491,311,825.5666504,37.67541234,1.20094818,-4.399902344,17.01862144,0.2745,2003,11,8
493908,53998,212,63.77064514,242.413221,0.005414375,25.69995117,17.10109138,2.838,2005,8,1
149955,53690,215,263.4576721,109.9361368,0.43186259,23.14990234,33.83776855,2.353,2011,8,4
525847,54405,284,577.2617188,210.1046749,1.23614442,11.25,11.12509155,0.2635,2013,10,12
478285,53995,193,62.77876282,166.1413377,0.040408393,26.05004883,16.21223259,0.739,2009,7,13
428646,53984,244,83.33021545,30.3798387,0.035323026,23.75,0.384738326,1.9215,2008,9,1
467818,53993,363,54.1350708,82.22449734,0.030065204,-6.699951172,12.44324589,0.3155,2018,12,30
303575,53880,296,947.7709961,294.4672046,0.370710832,8.449951172,39.45680237,0.396,2008,10,23
798926,54531,136,44.23422241,74.18909675,0.327586786,17.85009766,9.571511269,2.407,2020,5,16
198174,53773,167,66.17166138,230.6485844,0.01686437,27.89990234,23.27945328,3.1685,2010,6,17
763952,54523,265,8.538253784,91.55363047,0.051265365,19.5,3.429831743,2.245,2003,9,23
87484,53590,261,974.1904297,91.58387138,0.501125583,16.94995117,12.51464844,0.828333333,2017,9,19
224402,53784,329,42.68608093,85.16647051,0.097127495,3.449951172,34.77097702,0.4085,2012,11,25
810371,54533,315,11.54028702,214.717155,0.177669679,6.800048828,40.03562927,0.855,2017,11,12
1024500,54644,169,11.53129005,103.5343877,0.031339932,24.35009766,7.565073013,3.3565,2010,6,19
452570,53989,351,77.47494507,89.83081656,0.017710538,1.5,7.994925022,0.3805,2015,12,18
722280,54514,61,56.07164001,112.2561125,0.164433074,0.399902344,61.96263123,0.163,2004,3,2
229851,53785,296,38.79065704,127.491544,0.042659748,17.5,5.905914783,1.0465,2009,10,24
314241,53883,357,38.92947388,67.03246052,0.142209408,1.050048828,5.187409401,0.404666667,2011,12,24
694662,54507,332,48.86540604,138.9250501,0.246244911,3.050048828,4.87837553,0.4075,2004,11,28
840855,54594,19,39.39690018,105.7803,0.105400552,-0.800048828,131.0488892,0.456,2006,1,20
191820,53699,146,46.57213211,308.9787795,0.020316857,22.14990234,31.77300644,0.275,2009,5,27
160824,53693,122,229.3406525,20.84175083,1.177834997,26.75,26.6841011,1.599,2012,5,2
323107,53885,160,1031.932007,94.51437071,1.210561301,22.10009766,83.13357544,0.792,2005,6,10
681293,54503,33,15.3458128,103.0362047,0.047084811,-2.399902344,2.520877361,0.3735,2005,2,3
615932,54433,224,36.8788414,87.88296386,0.060414386,29.85009766,35.74672318,3.439333333,2015,8,13
824001,54539,177,9.660331726,234.2603932,0.045227975,29.05004883,23.63145065,1.375666667,2016,6,26
306465,53882,364,990.190918,313.0194599,1.062046326,-7.850097656,3.115780115,0.1,2020,12,30
841178,54594,342,39.39690018,105.7803,0.105400552,1.649902344,138.693222,0.5165,2009,12,9
269122,53795,280,129.4665375,116.7548302,0.439915875,16.44995117,16.1677475,0.2025,2006,10,8
102634,53596,308,54.5674057,161.0049777,0.111269687,9.050048828,11.15218353,0.557,2009,11,5
221087,53783,139,949.4626465,350.4998299,2.9453935,21.69995117,6.978326797,0.457666667,2019,5,20
496137,53998,358,63.77064514,242.413221,0.005414375,-7.449951172,17.77841187,0.688,2004,12,24
614850,54433,119,36.8788414,87.88296386,0.060414386,15.55004883,36.02075958,1.2605,2012,4,29
139031,53688,217,101.1783829,88.79551452,0.055679326,27,7.987311363,4.494,2006,8,6
299134,53878,110,785.15271,143.1225207,1.371895509,13.39990234,15.97425175,0.381,2009,4,21
167790,53694,360,126.1332779,13.48280629,0.424777967,-0.399902344,11.09706688,0.371,2007,12,27
876231,54605,259,10.88305378,70.05738646,0.071092106,23.89990234,15.68854046,2.46,2010,9,17
861434,54602,221,17.88450623,90.26435047,0.057586478,25.25,7.195420742,1.2255,2009,8,10
834883,54541,202,25.9809494,239.7018036,0.108956851,29.19995117,21.44643402,0.635,2019,7,22
491493,53997,360,73.43373108,265.3631894,0.01707409,4.649902344,37.17341995,0.42,2010,12,27
953345,54620,60,21.78257179,159.7526905,0.024390705,-0.949951172,22.38477325,0.331,2010,3,2
755044,54521,183,13.35898018,146.9637988,0.054284492,26.94995117,1.698403239,2.76,2006,7,3
43053,53492,139,921.5330811,119.0801635,0.648105141,18.60009766,25.76844025,0.8395,2003,5,20
968006,54622,149,4.331436634,230.1262841,0.032463696,25,87.05311584,1.847,2014,5,30
573554,54423,200,372.4054565,105.0277074,1.929514718,24.19995117,62.12519073,2.209,2010,7,20
979215,54626,32,15.68418026,96.76148973,0.024708683,2.300048828,25.39626312,0.537,2017,2,2
793233,54530,343,1.417702198,349.5198117,0.013190206,-1.800048828,11.25409508,0.298,2017,12,10
137289,53688,4,101.1783829,88.79551452,0.055679326,0.25,13.53402233,0.411333333,2014,1,5
843775,54596,65,48.02468109,245.3569192,0.103934915,7.149902344,1.764070868,0.437,2005,3,7
970790,54623,29,0.289766252,85.71033194,0.026643368,-0.300048828,0.64830935,0.5685,2009,1,30
882416,54606,342,20.67079163,128.2962928,0.082792448,1.449951172,5.554903507,0.412333333,2016,12,8
699210,54510,159,17.94413185,83.42849352,0.047268414,25,6.308209419,0.6395,2015,6,9
756136,54522,137,21.19142342,202.6648879,0.221961722,26.25,21.24938965,1.5765,2012,5,17
647093,54452,174,359.6134033,80.31791763,0.268897325,22.44995117,9.558851242,2.8185,2012,6,23
801627,54531,125,44.23422241,74.18909675,0.327586786,23.75,9.683897018,0.597,2019,5,6
438255,53986,152,76.31455231,63.72427236,0.036328115,28.94995117,85.10965729,1.7365,2013,6,2
186122,53697,232,56.75912094,10.62441988,0.013793757,30.69995117,65.63977051,2.821,2007,8,21
608971,54432,48,324.1832581,144.8286271,2.214101548,-2.649902344,13.39578342,0.2895,2013,2,18
598525,54430,119,356.703125,339.4251388,2.506207354,20.35009766,1.815097809,1.2,2006,4,30
866457,54603,259,10.51923084,348.1960892,0.019294042,21.89990234,1.820757627,3.097,2009,9,17
510079,54399,43,50.74262619,25.05564466,0.11889927,3.600097656,72.64840698,0.293,2004,2,13
448216,53988,251,79.37897491,91.96340862,0.074288151,24.5,15.6815052,1.639,2015,9,9
705008,54511,357,35.55298615,166.6531071,0.058810484,-0.350097656,26.62238121,0.6705,2006,12,24
991380,54628,167,7.944516182,61.54707009,0.016416684,27.05004883,3.512214899,2.6985,2009,6,17
408047,53980,0,53.10822678,243.6149809,0.065468232,-0.5,40.87413025,0.1,2004,1,1
576892,54424,260,31.84133148,262.8527353,0.179505171,16.89990234,9.322069168,0.552666667,2018,9,18
1025120,54644,223,11.53129005,103.5343877,0.031339932,25.60009766,7.565073013,4.2505,2010,8,12
819903,54535,168,3.868755341,89.45584561,0.032550673,25.64990234,2.505729914,3.72,2019,6,18
655710,54454,139,40.78531265,94.04958482,1.184391984,19.19995117,0.646026373,1.057,2016,5,19
205270,53780,189,1051.854004,190.5190994,0.857016665,24.5,17.17352104,1.135,2020,7,8
943132,54618,215,13.92222023,316.7602436,0.027222871,27.80004883,16.64402771,3.1825,2003,8,4
970735,54623,52,0.289766252,85.71033194,0.026643368,2.699951172,0.676947892,0.275,2006,2,22
735677,54518,160,11.03508663,220.943583,0.03089015,28,3.239760399,3.199,2012,6,9
146723,53690,43,263.4576721,109.9361368,0.43186259,-2.149902344,27.42616272,0.480333333,2012,2,13
197833,53773,309,66.17166138,230.6485844,0.01686437,15.64990234,23.84107018,0.8405,2009,11,6
902541,54610,174,10.51143265,59.07722871,0.015818866,27.60009766,9.25839901,0.207666667,2020,6,23
598085,54430,274,356.703125,339.4251388,2.506207354,20.25,1.815097809,1.214,2006,10,2
193424,53699,295,46.57213211,308.9787795,0.020316857,14,15.90664577,1.494,2015,10,23
137697,53688,178,101.1783829,88.79551452,0.055679326,26,7.871291161,0.485,2005,6,28
326098,53886,235,447.9111633,205.6673226,1.281078888,25.69995117,62.31265259,1.5585,2006,8,24
