,id,lon,lat,year,month,day,y_test,LGBM_y_pred,difference
233802,54613.0,116.62,38.7,2011,10,7,15.236582198998326,15.97587549799091,0.7392932989925818
395599,54530.0,117.77,39.23,2017,4,2,10.646986687236035,12.223336905026487,1.5763502177904538
73171,54596.0,116.2,39.77,2005,11,26,2.326405224742365,2.718566716936768,0.3921614921944032
130485,54700.0,115.93,38.03,2007,2,28,4.419885795891929,5.092502124325859,0.6726163284339286
359556,58048.0,119.35,34.12,2015,10,3,20.29653901335841,18.96762102044328,-1.3289179929151231
92336,53897.0,114.35,36.4,2006,2,5,-2.9043139184047986,-4.4813698952674255,-1.5770559768626278
241396,54843.0,119.2,36.75,2011,8,28,27.08549691814481,25.49254342465266,-1.5929534934921534
372841,54645.0,117.47,38.85,2016,12,25,-0.1359679707423307,-0.4954560767106196,-0.3594881059682889
434080,54945.0,119.55,35.47,2018,2,22,2.4868884902364683,1.6799933123956516,-0.8068951778408162
23796,54825.0,117.85,36.52,2003,5,29,22.216745457742327,21.915037959630247,-0.3017074981120835
428072,54753.0,120.33,37.63,2018,7,12,29.542464360044235,29.554352212637724,0.0118878525934853
119225,53786.0,113.33,37.08,2007,2,16,-2.2025142392862795,-3.029086369101436,-0.8265721298151558
7677,53987.0,113.35,35.1,2003,11,29,1.6914303930873174,1.5376132276294128,-0.1538171654579045
109324,54903.0,115.48,35.85,2006,12,8,-2.0503524424306443,-0.6694797965233215,1.3808726459073228
427485,54731.0,118.22,37.48,2018,11,26,8.296335059437986,7.3091560261331425,-0.9871790333048428
65412,53781.0,114.47,36.87,2005,11,23,4.8161559455491165,4.743279537082402,-0.0728764084667155
469290,54404.0,115.83,40.88,2020,10,16,2.857134204361261,3.50308027048444,0.645946066123178
42989,54434.0,118.33,40.17,2004,3,2,-4.693591371520314,-4.220400072105695,0.4731912994146192
215676,54921.0,116.33,35.42,2010,10,16,16.348696437757926,16.324377331496315,-0.0243191062616112
257342,54424.0,117.12,40.17,2012,9,7,21.43410639620718,20.52001473882512,-0.9140916573820626
182424,54719.0,116.68,38.03,2009,9,22,17.02792303752325,17.26298467721383,0.2350616396905813
310931,53894.0,114.2,36.4,2014,11,10,9.808318497668443,9.117845797327364,-0.6904727003410791
320416,54708.0,115.73,37.5,2014,4,30,18.720832527740622,19.50238201671911,0.7815494889784879
371572,54616.0,116.85,38.35,2016,12,18,-2.820064474520412,-1.1727647534203065,1.647299721100106
410087,58016.0,116.97,34.18,2017,5,6,17.240062599544572,17.952564513367747,0.712501913823175
417214,53983.0,114.42,35.03,2018,10,25,15.437029646904769,14.049137583721912,-1.3878920631828502
137038,54900.0,115.02,35.7,2007,6,7,25.890007957217776,26.136509387681823,0.2465014304640505
396913,54608.0,115.55,38.0,2017,10,5,14.192261338317843,13.946276247228829,-0.2459850910890147
7381,53984.0,113.47,35.23,2003,12,3,1.163448518564722,1.751400505445067,0.5879519868803451
421142,54513.0,116.2,39.95,2018,3,3,2.141515311210473,5.61351354178688,3.4719982305764083
137768,54910.0,116.05,35.82,2007,5,6,18.34917394513478,19.79952505408809,1.45035110895331
430880,54837.0,118.83,36.68,2018,7,1,26.4212031574222,26.134680477986727,-0.2865226794354783
429021,54810.0,116.27,36.87,2018,6,10,20.554906947382587,22.19856386150582,1.6436569141232376
368516,54505.0,116.1,39.93,2016,3,19,7.856650246211059,6.9993005681555855,-0.8573496780554732
222438,53688.0,114.55,38.42,2011,9,27,18.497848381311115,19.37704377484212,0.8791953935310062
218985,58020.0,117.13,34.8,2010,4,6,10.86195877056674,8.077330009326044,-2.784628761240697
447503,54521.0,116.98,39.7,2019,8,18,23.934424337718426,24.601699845685523,0.6672755079670978
235599,54703.0,115.88,37.8,2011,11,5,11.712014007417595,12.869422557706926,1.1574085502893308
227054,53991.0,114.33,35.92,2011,11,3,11.991068220771911,13.735970651953629,1.7449024311817145
372086,54623.0,117.72,39.05,2016,9,12,22.89517847365475,23.208549781122716,0.3133713074679676
397188,54612.0,116.45,38.85,2017,1,28,-3.3287485687550604,-2.774672964105954,0.5540756046491064
55548,54848.0,119.42,35.98,2004,11,27,1.3093790049225396,1.4926332278903325,0.1832542229677927
275018,57098.0,114.4,34.08,2012,11,11,3.881658197290173,6.414727666520388,2.5330694692302136
81830,54911.0,116.4,35.93,2005,4,22,13.26181802905427,12.766027487415569,-0.4957905416387014
330456,58012.0,116.65,34.67,2014,7,5,27.66751665381247,27.824390502205677,0.1568738483932001
50892,54725.0,117.53,37.5,2004,1,13,-4.8263684295781815,-5.256104481420385,-0.4297360518422035
224190,53792.0,114.48,37.45,2011,7,13,27.85476160484301,27.555404939911494,-0.299356664931512
439423,53681.0,113.37,38.83,2019,9,5,16.53215755215328,17.307958257895063,0.7758007057417835
150662,54425.0,117.47,40.4,2008,3,28,0.3959279100785915,0.6783933073087305,0.2824653972301389
446011,54438.0,118.88,39.88,2019,12,22,-3.623018727251341,-5.430162189081495,-1.8071434618301536
451818,54712.0,116.82,37.2,2019,1,11,-1.4476592761209872,-2.6828328310909555,-1.2351735549699685
275450,58004.0,115.15,34.65,2012,9,27,22.43314093855837,22.30824475975645,-0.1248961788019222
409971,58015.0,116.33,34.45,2017,9,12,24.515909663200453,25.12415664993832,0.608246986737857
212735,54831.0,118.5,36.65,2010,8,7,26.570635118643214,28.366587365815786,1.7959522471725755
57036,54912.0,116.5,35.77,2004,7,8,24.88461901896504,26.611174296223243,1.7265552772582031
401107,54734.0,118.0,37.35,2017,1,8,1.417777366994342,0.7627636799653538,-0.6550136870289883
430401,54830.0,117.93,36.82,2018,1,17,-0.2795131183072677,-2.030489115215791,-1.7509759969085232
481291,54842.0,120.0,36.78,2020,12,22,-2.2378586520419352,-0.7730565159888401,1.4648021360530952
393211,54436.0,118.95,40.42,2017,7,7,27.146608098568805,26.30164192077268,-0.8449661777961346
97885,54521.0,116.98,39.7,2006,10,29,11.274686203237405,11.195092112948911,-0.079594090288495
305556,58040.0,119.13,34.85,2013,9,15,25.14541112778252,24.331682616070804,-0.8137285117117159
91893,53892.0,114.47,36.62,2006,7,11,29.65721849617661,29.56278514519969,-0.0944333509769244
421875,54525.0,117.28,39.73,2018,6,14,22.687562662830548,23.990816395545917,1.3032537327153693
285116,54398.0,116.62,40.13,2013,9,17,21.34102265138236,22.90035760895584,1.5593349575734727
234225,54619.0,116.92,38.92,2011,2,3,-3.171657958912522,-4.062443828997733,-0.8907858700852107
406294,54914.0,116.08,35.42,2017,12,14,-0.4841097081744429,-1.4297589885312352,-0.945649280356792
434100,54945.0,119.55,35.47,2018,2,15,-1.7541538287221004,-3.510014902608735,-1.7558610738866345
175823,54439.0,118.72,40.02,2009,8,20,25.40490927082962,26.41578419886241,1.010874928032791
206809,54624.0,117.32,38.4,2010,12,4,1.6797552510982732,2.091688545434001,0.4119332943357279
310937,53894.0,114.2,36.4,2014,9,23,22.15457669101573,21.813181645001425,-0.3413950460143127
318279,54612.0,116.45,38.85,2014,6,10,22.162577475235548,22.176426682522425,0.0138492072868743
265454,54717.0,116.4,37.63,2012,5,4,22.96612926384489,21.65934688214689,-1.3067823816979995
340237,54421.0,117.12,40.65,2015,5,11,8.880792387150677,10.09638926302014,1.215596875869462
241629,54848.0,119.42,35.98,2011,11,9,9.310412999432884,9.240833594442812,-0.0695794049900726
9331,54408.0,115.22,40.38,2003,11,20,1.0561509099309392,2.064916327098824,1.0087654171678846
326840,54912.0,116.5,35.77,2014,5,24,22.61701617071325,22.73805747877812,0.1210413080648678
202704,54503.0,115.82,39.07,2010,3,22,6.405036573655188,7.190448017597992,0.7854114439428059
197158,53797.0,114.38,37.28,2010,9,26,15.747943352509498,16.82098311154167,1.07303975903217
70243,54432.0,118.47,40.62,2005,9,2,16.53863257461645,18.804213342340425,2.265580767723975
464905,53696.0,115.02,38.55,2020,3,19,8.900051753931098,9.971241692173052,1.071189938241954
217294,57089.0,113.93,34.07,2010,12,27,3.731319914972562,1.218090927530712,-2.5132289874418507
105210,54759.0,120.85,37.32,2006,10,24,11.670928542079544,10.355663455775074,-1.3152650863044713
416615,53896.0,114.95,36.33,2018,11,3,11.229924257830168,10.769258857221024,-0.4606654006091446
355350,54935.0,118.43,35.53,2015,5,18,22.01549316009517,22.04180276292108,0.0263096028259077
133038,54744.0,118.55,37.58,2007,11,23,5.91911384857961,4.3545315360220815,-1.564582312557528
360254,53492.0,114.15,40.1,2016,12,15,-7.4557625568854995,-8.975378823112395,-1.5196162662268955
84982,58008.0,115.33,34.47,2005,2,18,-3.184295668410562,-3.1516945967698184,0.0326010716407436
261902,54606.0,115.73,38.23,2012,3,28,12.406288260950667,11.4419991194972,-0.9642891414534684
256040,53997.0,114.18,35.15,2012,11,22,7.147765886165472,6.538666375287369,-0.609099510878103
307839,53688.0,114.55,38.42,2014,9,10,23.074074981506804,22.95958125619132,-0.1144937253154836
72883,54539.0,118.88,39.43,2005,9,5,22.73583963429553,21.816367946522817,-0.9194716877727096
36046,53690.0,114.18,38.85,2004,6,2,20.57688947225202,20.620663994447,0.0437745221949796
261135,54541.0,119.23,39.9,2012,6,24,22.68417735624353,23.82744539482201,1.143268038578487
127425,54535.0,118.47,39.28,2007,7,7,29.65594680890603,28.227204422277133,-1.4287423866289009
877,53498.0,115.03,40.57,2003,10,29,6.54220175696159,8.572144916386637,2.029943159425048
123117,54401.0,114.92,40.77,2007,2,19,-1.7703484696735112,-2.345320118342177,-0.5749716486686662
11114,54439.0,118.72,40.02,2003,8,31,21.356095473961247,19.24904174731419,-2.107053726647056
69019,54399.0,116.28,39.98,2005,10,15,13.280711809688786,11.496952839039963,-1.7837589706488206
324949,54836.0,118.17,36.18,2014,9,18,17.58824423494532,17.04712445091983,-0.54111978402549
386628,53689.0,115.07,38.02,2017,5,12,19.480758807795944,20.561323796474863,1.0805649886789226
124413,54431.0,116.75,39.85,2007,3,21,7.324893608901802,7.516612908884706,0.1917192999829052
396320,54597.0,115.73,39.73,2017,9,25,19.902752197799128,19.31422821880268,-0.5885239789964523
228931,54428.0,117.4,40.03,2011,12,7,0.7733658045427789,0.6665517112911639,-0.106814093251615
21620,54800.0,115.25,37.0,2003,9,26,23.26459389447192,21.934612457479822,-1.329981436992096
107145,54825.0,117.85,36.52,2006,12,5,-1.4240841041668697,-1.155909127900445,0.2681749762664247
4140,53788.0,113.57,37.33,2003,8,27,18.844847722563767,19.183750811528142,0.3389030889643791
256455,54404.0,115.83,40.88,2012,11,10,-0.9241839358585248,-6.638049486178111,-5.713865550319586
431187,54844.0,119.18,36.42,2018,12,20,1.4697499690012954,2.232609332089869,0.7628593630885732
134287,54811.0,116.62,36.93,2007,2,26,9.089022566715249,7.430773841883153,-1.6582487248320943
124649,54434.0,118.33,40.17,2007,8,24,25.63094716805748,26.662283870584808,1.03133670252733
221737,53593.0,114.57,39.83,2011,8,21,20.54362727051204,18.77328167077291,-1.7703455997391302
439541,53685.0,113.42,38.07,2019,11,13,0.6700392114201907,0.3935904467609847,-0.276448764659206
89166,53695.0,114.68,38.35,2006,9,28,19.821318435581983,19.302705896596507,-0.5186125389854794
453714,54801.0,115.48,36.85,2019,9,2,24.64519563929968,24.19460703698745,-0.4505886023122336
375646,54801.0,115.48,36.85,2016,2,20,-1.078040715891358,0.8825450485052218,1.96058576439658
40941,53995.0,114.5,35.55,2004,8,15,21.39479817716457,21.8170714304472,0.4222732532826328
416404,53893.0,114.95,36.77,2018,3,11,4.557199559365017,7.024949671450571,2.4677501120855543
270450,54848.0,119.42,35.98,2012,6,1,20.40365062272729,21.65956538004643,1.2559147573191396
378329,54849.0,120.03,36.22,2016,12,25,0.3990984659834987,-0.3667482447616162,-0.765846710745115
363444,53799.0,115.0,37.23,2016,7,26,30.18029663735577,31.324336546544856,1.144039909189086
296765,54811.0,116.62,36.93,2013,7,31,31.182638553297693,30.66351861445139,-0.5191199388463019
407331,54936.0,118.83,35.57,2017,7,30,27.446723522469725,25.777302036708587,-1.6694214857611378
100621,54616.0,116.85,38.35,2006,2,20,6.250536520715658,3.74817589430914,-2.502360626406517
439757,53689.0,115.07,38.02,2019,11,2,13.362392559929573,13.644719465722904,0.2823269057933313
158533,54749.0,119.95,37.18,2008,6,21,26.0115669927173,25.466901722480483,-0.5446652702368162
183419,54737.0,118.15,37.15,2009,8,28,24.70708186521512,24.76723074638453,0.0601488811694146
191506,58011.0,116.07,34.8,2009,10,6,20.15506506777796,19.00640852395666,-1.1486565438213
308211,53693.0,114.13,38.03,2014,11,2,6.469234804542085,7.018608830960254,0.5493740264181683
344013,54541.0,119.23,39.9,2015,5,9,9.880674833522772,14.85026685920412,4.969592025681348
206306,54617.0,116.17,38.2,2010,10,29,8.279033579778076,7.648380444928358,-0.6306531348497186
98815,54534.0,118.1,39.65,2006,4,28,13.003055756484704,13.157119268565223,0.1540635120805245
189247,54932.0,118.65,35.77,2009,2,25,-2.135057243761323,-1.2360022114193503,0.8990550323419726
118116,53692.0,114.98,38.73,2007,7,6,27.96826530752909,27.578355525785344,-0.3899097817437465
432904,54917.0,116.33,35.13,2018,8,14,29.40922881859888,29.42643367826263,0.0172048596637495
18326,54704.0,115.57,37.52,2003,6,27,26.35817838142589,26.76508254230011,0.4069041608742161
286249,54425.0,117.47,40.4,2013,2,14,-8.837224619739604,-7.923504338597077,0.9137202811425276
297524,54822.0,117.73,36.87,2013,6,22,22.44254763990951,25.3565072044104,2.9139595645008884
146126,53782.0,113.62,37.93,2008,11,24,0.152919250512989,0.9027666049330964,0.7498473544201074
162670,54911.0,116.4,35.93,2008,7,31,29.091238352223364,28.767081563177506,-0.3241567890458619
251117,53693.0,114.13,38.03,2012,3,21,3.256117205422492,2.9353235453523285,-0.3207936600701631
322665,54800.0,115.25,37.0,2014,6,1,23.78754737434092,23.254354970759767,-0.5331924035811504
409935,58013.0,116.9,34.75,2017,4,24,19.10431805681577,18.30310836584349,-0.8012096909722786
431817,54901.0,115.17,36.08,2018,2,18,3.805193247139192,4.646914811692193,0.8417215645530032
156265,54701.0,115.2,37.93,2008,3,21,8.624753938156443,7.5457043113220275,-1.079049626834415
297894,54827.0,117.15,36.17,2013,7,25,30.31188519488576,29.880452390527072,-0.4314328043586889
205704,54609.0,115.58,38.23,2010,2,12,-7.810785955872372,-6.552249301479398,1.2585366543929728
295481,54744.0,118.55,37.58,2013,4,1,7.866502575687652,6.2899334100783255,-1.5765691656093257
358571,58025.0,117.73,34.57,2015,11,29,2.2865047027405616,3.294904264773667,1.0083995620331052
267175,54759.0,120.85,37.32,2012,8,14,21.58436273095037,22.92399184806581,1.339629117115436
252334,53789.0,114.63,37.88,2012,9,21,20.82290611260307,21.83218319852849,1.0092770859254188
283282,53896.0,114.95,36.33,2013,4,26,17.570756958990863,18.033407263699143,0.4626503047082835
328711,57083.0,113.65,34.72,2014,7,1,27.09960871383462,27.086544403068533,-0.0130643107660901
358416,58022.0,117.57,34.75,2015,4,2,9.442320758610489,8.670748444428947,-0.7715723141815419
289791,54535.0,118.47,39.28,2013,8,15,31.75360096344421,30.215128213770967,-1.5384727496732324
368361,54502.0,116.03,39.48,2016,3,12,-0.0196628140704737,0.7858174572428233,0.8054802713132969
28528,54932.0,118.65,35.77,2003,6,29,27.90350206907314,24.100899526439587,-3.802602542633558
29042,54943.0,120.0,35.88,2003,11,2,18.31643416572548,18.14279521978116,-0.1736389459443259
46567,54601.0,115.65,38.98,2004,6,2,21.153944353392955,20.65660872981315,-0.4973356235798079
123935,54423.0,117.92,40.97,2007,7,8,24.842668330362468,24.67655003277975,-0.1661182975827166
221852,53596.0,115.13,38.85,2011,11,26,-0.8087857378560033,0.8583583810530684,1.6671441189090717
375531,54759.0,120.85,37.32,2016,8,5,28.451495909626185,26.80994561567463,-1.641550293951557
420711,54505.0,116.1,39.93,2018,12,28,-10.586301537819184,-11.5528616857084,-0.9665601478892168
299529,54857.0,120.33,36.07,2013,1,20,3.17277371132005,-1.8377662654728448,-5.010539976792894
379797,54916.0,116.85,35.57,2016,3,27,9.14727769783338,8.642388681187288,-0.5048890166460929
262293,54611.0,115.32,38.93,2012,3,29,14.334426232268513,11.409971034324306,-2.9244551979442077
363038,53792.0,114.48,37.45,2016,8,8,26.577136508106125,27.58042302586336,1.0032865177572354
426655,54716.0,116.8,37.67,2018,1,11,-9.504030302031865,-8.674415308337464,0.8296149936944026
49967,54711.0,116.28,37.7,2004,1,24,-10.052173674590376,-8.941679328606382,1.1104943459839929
168103,53492.0,114.15,40.1,2009,8,5,21.28138493102472,21.794305737732135,0.5129208067074202
390061,53899.0,114.97,36.48,2017,3,11,9.97031913280482,9.053849023325787,-0.9164701094790288
10946,54437.0,118.62,39.5,2003,3,7,-0.1519934069598928,0.5430466180420017,0.6950400250018945
384719,53481.0,113.22,40.8,2017,6,5,13.745228813553927,14.529882739947675,0.784653926393748
268233,54814.0,116.25,36.53,2012,6,5,23.80140430686067,21.014263522948788,-2.78714078391188
421217,54514.0,116.25,39.87,2018,6,23,28.1636434149619,26.47299202924809,-1.69065138571381
95738,54432.0,118.47,40.62,2006,9,19,21.156834228372425,18.70986707046845,-2.4469671579039702
70810,54454.0,120.3,40.33,2005,3,24,-2.160099800084866,-0.5864817399230962,1.57361806016177
457857,54916.0,116.85,35.57,2019,9,20,19.363830223641184,18.999956087436548,-0.3638741362046361
196905,53794.0,114.75,37.35,2010,5,29,24.24168887422691,21.96483543667143,-2.2768534375554808
395263,54526.0,117.33,39.08,2017,10,1,22.31273467586805,21.397675680131368,-0.9150589957366756
75310,54644.0,117.12,38.05,2005,2,2,-8.530893433737036,-8.780221250482228,-0.2493278167451916
285239,54399.0,116.28,39.98,2013,3,21,2.1194753346225097,2.5839738014828466,0.4644984668603369
321574,54727.0,117.55,36.68,2014,5,11,14.354177259580698,16.44315654023143,2.088979280650733
120794,53891.0,114.68,37.02,2007,3,3,4.489592440917257,4.417799125317753,-0.0717933155995043
177003,54515.0,116.7,39.5,2009,11,13,-1.4256843867978903,-2.8963765287999066,-1.4706921420020158
56,53481.0,113.22,40.8,2003,9,5,16.590959654491492,16.45256066279218,-0.1383989916993115
130192,54636.0,116.1,39.02,2007,1,25,-7.372924801550733,-6.079470334191072,1.29345446735966
422933,54596.0,116.2,39.77,2018,11,1,6.078148351384092,7.477211333082657,1.399062981698565
79529,54825.0,117.85,36.52,2005,6,3,22.8283106299132,22.68964849806912,-0.1386621318440788
248763,53483.0,113.83,40.87,2012,2,19,-12.701463455545838,-14.894914219894725,-2.1934507643488885
189141,54927.0,117.2,35.1,2009,9,14,20.27029044443808,20.70353043281284,0.4332399883747549
223126,53698.0,114.35,38.07,2011,1,11,-3.5976149558420607,-5.424200645557585,-1.8265856897155244
413533,53689.0,115.07,38.02,2018,6,8,23.203572791289385,23.262788004378763,0.0592152130893737
49562,54705.0,115.38,37.37,2004,1,18,-5.606848713140055,-6.336134141144214,-0.7292854280041592
387121,53696.0,115.02,38.55,2017,5,1,15.791627139476809,18.25169256755936,2.460065428082548
256576,54405.0,115.5,40.42,2012,1,22,-14.711904730604637,-16.718453056656198,-2.006548326051566
11603,54501.0,115.68,39.97,2003,2,21,-1.2531176042986407,-3.705750685993333,-2.4526330816946915
404836,54849.0,120.03,36.22,2017,12,1,-1.8002526305774569,-2.3621288406624754,-0.5618762100850179
174289,54405.0,115.5,40.42,2009,7,14,24.68840757696774,24.206392313012294,-0.4820152639554394
91551,53886.0,113.67,36.57,2006,10,22,14.967886632203175,14.811532250784929,-0.1563543814182484
285319,54401.0,114.92,40.77,2013,9,19,18.34017839761169,17.174604601328884,-1.1655737962828034
210223,54749.0,119.95,37.18,2010,9,29,14.106720273175796,13.78378030958778,-0.3229399635880146
355455,54938.0,118.4,35.05,2015,2,27,-0.2364577154972527,0.7227674031827811,0.9592251186800338
450107,54622.0,117.37,38.98,2019,10,5,10.773439735787976,11.072895918381056,0.299456182593083
228841,54425.0,117.47,40.4,2011,1,7,-14.095105501842449,-14.224210724347213,-0.1291052225047639
412921,53594.0,114.18,39.45,2018,9,9,14.215832219985366,11.940886181669931,-2.2749460383154325
431219,54846.0,119.73,36.38,2018,1,27,-8.955329480404037,-8.151446240606806,0.8038832397972299
226717,53986.0,113.88,35.32,2011,2,28,-1.3691297965524063,-0.9581036940658098,0.4110261024865965
388829,53880.0,113.23,36.33,2017,6,13,19.116441654038752,18.69033008444629,-0.4261115695924538
196566,53788.0,113.57,37.33,2010,2,12,-12.146163638897397,-13.535708379144983,-1.389544740247587
462341,58045.0,119.6,34.2,2019,11,4,12.135832194172876,12.048225510268276,-0.0876066839045996
367014,54421.0,117.12,40.65,2016,2,6,-8.48462156884956,-7.883265046296147,0.601356522553413
304426,58015.0,116.33,34.45,2013,7,3,31.532530786394727,29.900465299112568,-1.6320654872821585
382313,57191.0,114.47,34.52,2016,12,5,5.854870382948301,4.286718922139179,-1.5681514608091218
472013,54515.0,116.7,39.5,2020,12,24,-3.562340523101496,-4.3861942172023465,-0.8238536941008512
203267,54514.0,116.25,39.87,2010,4,2,2.9979103978331656,5.7902824629619065,2.79237206512874
466033,53794.0,114.75,37.35,2020,8,17,26.501707141393062,29.50874403528698,3.0070368938939183
335592,53788.0,113.57,37.33,2015,2,2,-11.668939180852846,-9.942404162239214,1.7265350186136337
336899,53888.0,113.43,36.2,2015,9,9,16.944932050096916,16.568366972084018,-0.3765650780129022
485478,57099.0,114.85,34.07,2020,10,24,11.030968331092788,10.07420726968818,-0.9567610614046078
7897,53989.0,113.98,35.08,2003,2,20,3.8557154718847535,3.073345075448501,-0.7823703964362521
52225,54759.0,120.85,37.32,2004,8,25,23.84833717413696,24.68580336593305,0.8374661917960893
177860,54529.0,117.82,39.35,2009,6,1,22.906307543914583,22.77668610893939,-0.1296214349751991
147236,53882.0,113.03,36.07,2008,2,15,-6.776104376505653,-8.635385011901237,-1.859280635395584
378236,54846.0,119.73,36.38,2016,2,16,-1.3259338458921188,-0.8628297578685413,0.4631040880235775
442091,53886.0,113.67,36.57,2019,7,31,28.17868585783763,27.59680448294882,-0.5818813748888125
452949,54734.0,118.0,37.35,2019,12,27,-1.5241382324096149,-1.0252665532597514,0.4988716791498637
56699,54908.0,115.1,35.27,2004,2,12,3.4506705959073947,4.129888118723363,0.6792175228159683
217955,57191.0,114.47,34.52,2010,5,5,21.69378305629711,20.773863715465986,-0.9199193408311288
446892,54511.0,116.47,39.8,2019,11,28,-4.8057618574512615,-2.5126169842151738,2.293144873236088
348599,54728.0,117.35,37.77,2015,7,4,22.32285449960427,23.48051120024661,1.1576567006423488
19667,54719.0,116.68,38.03,2003,12,18,-3.783959810194344,-3.297873888002796,0.4860859221915472
198797,53979.0,113.08,35.15,2010,6,24,27.15658665117144,26.151787553669596,-1.004799097501852
310507,53888.0,113.43,36.2,2014,10,31,8.723471724643039,9.636131413894793,0.912659689251754
288478,54517.0,117.2,39.07,2013,12,10,-0.3461020775920398,-0.8316158701944835,-0.4855137926024437
355135,54927.0,117.2,35.1,2015,4,22,16.117051622151948,17.084881444860354,0.9678298227084065
98372,54528.0,117.13,39.23,2006,9,20,21.525727059005867,20.88883306549401,-0.6368939935118547
410592,58026.0,118.02,34.4,2017,10,8,23.127615772904,23.13426324322816,0.0066474703241574
186018,54830.0,117.93,36.82,2009,1,23,-11.749204926435445,-9.822541390544574,1.9266635358908708
99823,54606.0,115.73,38.23,2006,11,30,-1.7588138262046544,-1.3147416387574935,0.4440721874471609
366974,54421.0,117.12,40.65,2016,12,23,-8.34627917678788,-7.28988082302221,1.056398353765669
322762,54801.0,115.48,36.85,2014,3,18,8.972876510933606,8.887360856900123,-0.0855156540334824
476476,54707.0,115.98,37.35,2020,7,21,27.21434695949243,26.586516533988647,-0.6278304255037774
162009,54901.0,115.17,36.08,2008,7,24,26.38228612812182,27.002704144224573,0.6204180161027573
223380,53780.0,113.15,37.9,2011,9,4,15.939234865543444,17.378412525000588,1.4391776594571404
27812,54919.0,116.98,35.38,2003,8,22,30.64047788230013,30.42716064090858,-0.2133172413915502
67960,53983.0,114.42,35.03,2005,3,7,8.869178650310985,9.306039640751791,0.4368609904408061
474766,54617.0,116.17,38.2,2020,7,25,28.376196528014727,26.74835640873869,-1.6278401192760334
349527,54755.0,120.38,37.33,2015,7,13,27.21083918025877,28.19129806932469,0.9804588890659148
336816,53885.0,113.2,36.12,2015,4,13,1.1529624876292792,3.3774574837424853,2.224494996113206
313347,54408.0,115.22,40.38,2014,6,16,21.83980072843469,21.52506554087364,-0.3147351875610482
194384,53590.0,114.27,39.75,2010,7,18,21.455419554201363,21.961347174194923,0.5059276199935567
446048,54438.0,118.88,39.88,2019,4,30,15.363348179834912,14.978058714120744,-0.3852894657141713
11830,54503.0,115.82,39.07,2003,8,25,25.519300026994014,25.266232010574885,-0.2530680164191317
435261,57098.0,114.4,34.08,2018,12,30,-6.703619993995957,-6.6825167142477016,0.0211032797482566
222866,53694.0,114.22,38.27,2011,11,7,11.272927506802736,11.95046633692444,0.6775388301217049
475557,54632.0,115.03,37.07,2020,12,19,-4.95681264254478,-5.208400284934361,-0.2515876423895795
325887,54857.0,120.33,36.07,2014,6,15,24.135835345090737,22.425888298571053,-1.7099470465196909
37191,53784.0,114.78,37.75,2004,5,31,18.48940431157752,19.104046359329097,0.6146420477515768
245954,57098.0,114.4,34.08,2011,8,14,32.08336964581348,30.921965142445803,-1.1614045033676774
16027,54614.0,116.05,38.42,2003,11,23,1.322746032694372,0.9161522592433788,-0.4065937734509933
71118,54503.0,115.82,39.07,2005,3,13,-0.4645295852211271,-0.6139256684163371,-0.1493960831952099
358564,58025.0,117.73,34.57,2015,9,22,22.849747401828747,23.10749168496862,0.2577442831398748
181362,54703.0,115.88,37.8,2009,2,24,0.2970134544854271,0.4825047000373209,0.1854912455518937
202304,54453.0,120.97,40.87,2010,12,13,-14.582432053146794,-10.112378537738255,4.470053515408537
423789,54611.0,115.32,38.93,2018,10,27,7.417620724731122,8.071518135325691,0.6538974105945696
172641,53974.0,114.23,35.6,2009,1,22,-1.5808907046676777,-0.9668096281543572,0.6140810765133203
394778,54518.0,116.4,39.17,2017,11,13,2.554425877612169,2.8831942707633864,0.3287683931512171
186290,54833.0,118.08,36.97,2009,3,12,5.7880242355758025,4.673904201677421,-1.1141200338983817
111292,54935.0,118.43,35.53,2006,5,2,14.85080457548126,16.861766267254975,2.010961691773716
441056,53789.0,114.63,37.88,2019,11,22,4.387805662800249,6.8267331900015815,2.4389275272013338
166465,58024.0,117.58,34.87,2008,12,5,-6.266311282878894,-5.6929817010292,0.5733295818496948
127246,54532.0,118.08,39.8,2007,11,20,-1.0458917832371566,-0.6213004949077389,0.4245912883294177
320812,54714.0,116.33,37.45,2014,5,31,26.62656516883932,26.722451585845214,0.0958864170058859
255044,53984.0,113.47,35.23,2012,7,2,26.81361796614108,27.633861138048363,0.8202431719072862
309255,53788.0,113.57,37.33,2014,2,14,-7.892042510663688,-8.266045117661552,-0.3740026069978626
355782,54945.0,119.55,35.47,2015,8,9,28.389757113006286,26.967121170236894,-1.4226359427693964
460841,58008.0,115.33,34.47,2019,10,8,18.172345378641555,17.742309070890144,-0.4300363077514113
157781,54727.0,117.55,36.68,2008,9,1,21.32023048872616,22.3551555306018,1.0349250418756384
405515,54903.0,115.48,35.85,2017,6,30,28.88555006863804,28.885685213321896,0.0001351446838562
467396,53895.0,114.45,36.75,2020,12,13,-2.9833096601929845,-7.487486026636996,-4.504176366444012
406142,54912.0,116.5,35.77,2017,1,14,-5.172783604824385,-4.134252722497156,1.0385308823272306
230124,54501.0,115.68,39.97,2011,3,9,-0.1151130972253027,-0.1667161460831445,-0.0516030488578418
72713,54533.0,118.1,39.58,2005,6,14,22.950643526993908,22.860009514956342,-0.0906340120375688
320507,54709.0,116.07,37.23,2014,10,19,16.700763405597492,17.252717770878903,0.5519543652814143
255987,53997.0,114.18,35.15,2012,2,26,-0.8186946329826361,-0.5211969657861738,0.2974976671964623
100700,54617.0,116.17,38.2,2006,5,6,15.824835426879652,16.853294799430138,1.0284593725504865
124817,54438.0,118.88,39.88,2007,3,18,2.2525854777524743,2.1530254405781952,-0.099560037174279
304863,58024.0,117.58,34.87,2013,3,28,9.021526784330494,9.03246862922297,0.0109418448924767
416301,53891.0,114.68,37.02,2018,5,15,25.386702207141045,25.727563298844515,0.3408610917034629
190826,57099.0,114.85,34.07,2009,9,15,20.19393569829124,21.205335679824078,1.0113999815328365
243230,54914.0,116.08,35.42,2011,10,24,8.845982481813541,8.780601507142379,-0.0653809746711626
383644,58025.0,117.73,34.57,2016,6,11,27.14662450577681,26.13348251401683,-1.0131419917599764
267609,54804.0,115.18,36.3,2012,3,14,5.851625406108568,5.5857920308304765,-0.2658333752780901
129735,54626.0,115.82,38.42,2007,9,25,22.459288880776068,21.83898145822429,-0.6203074225517824
153621,54535.0,118.47,39.28,2008,1,25,-8.5612279136912,-9.567992885995588,-1.0067649723043868
142243,58024.0,117.58,34.87,2007,2,15,0.1330029967066721,0.3556359483757349,0.2226329516690628
129765,54626.0,115.82,38.42,2007,12,25,-1.1441816659314883,-1.1093336587276428,0.0348480072038455
149495,53997.0,114.18,35.15,2008,5,24,25.83464733302597,26.454812586111306,0.6201652530853288
60840,58008.0,115.33,34.47,2004,1,28,-0.9645183705479926,-1.515148254915594,-0.5506298843676015
10939,54437.0,118.62,39.5,2003,6,8,19.16694411820683,21.676279773671894,2.509335655465069
23733,54824.0,117.95,36.63,2003,12,20,-3.238922214172909,-2.3219783037427604,0.9169439104301484
60604,58005.0,115.53,34.43,2004,3,12,6.954586631362753,8.091682700261348,1.137096068898595
253910,53891.0,114.68,37.02,2012,3,25,6.812777878457919,8.747883698342319,1.935105819884401
292018,54624.0,117.32,38.4,2013,1,12,-6.8511620911349365,-5.859283485557648,0.9918786055772896
457680,54913.0,116.82,35.75,2019,11,19,0.9400349020670422,2.261610982596236,1.3215760805291934
484730,57086.0,113.72,34.38,2020,10,22,12.437024094338971,10.443918957940218,-1.9931051363987533
266172,54729.0,117.87,37.17,2012,8,24,20.62468734177288,22.31193317318285,1.6872458314099743
288938,54523.0,117.07,39.43,2013,4,8,5.240367726201153,5.215671512032523,-0.0246962141686299
354690,54919.0,116.98,35.38,2015,10,16,17.85080932315271,18.261293894124503,0.4104845709717928
153911,54596.0,116.2,39.77,2008,3,18,6.596317931833264,6.373180543987407,-0.223137387845858
67918,53982.0,113.27,35.23,2005,9,14,22.75739080637368,22.28845949052709,-0.4689313158465929
334000,53687.0,113.63,37.78,2015,1,24,-6.227753259487864,-3.713762103791768,2.513991155696096
53625,54818.0,116.42,36.25,2004,8,23,24.28673430208961,23.662595397703026,-0.6241389043865873
33878,53481.0,113.22,40.8,2004,12,14,-5.194390622975357,-4.967604545507641,0.2267860774677146
219722,58035.0,118.35,34.33,2010,6,10,21.036108262640568,21.08794630176123,0.051838039120664
136448,54846.0,119.73,36.38,2007,7,29,27.907905961302124,28.96761579451264,1.0597098332105157
396776,54606.0,115.73,38.23,2017,6,23,23.66741481688444,24.809892206113357,1.1424773892289115
26115,54901.0,115.17,36.08,2003,10,23,7.795245097220357,7.892669198369586,0.0974241011492287
352382,54841.0,119.42,36.87,2015,8,7,26.876672561622,27.428854676388102,0.5521821147660972
290181,54596.0,116.2,39.77,2013,1,21,-4.334427196481642,-3.2166693855341806,1.1177578109474622
244209,54932.0,118.65,35.77,2011,10,23,15.017672767387635,15.192421224259384,0.1747484568717521
60426,58003.0,115.88,34.95,2004,9,23,19.05501400926812,19.42604969790281,0.3710356886346915
392426,54421.0,117.12,40.65,2017,11,18,-7.953395191655058,-7.602184197196448,0.3512109944586106
349593,54759.0,120.85,37.32,2015,3,13,1.222687577041711,2.038606292244625,0.8159187152029141
434926,57091.0,114.3,34.78,2018,10,18,11.93679950006447,12.144813475279506,0.2080139752150352
459648,57088.0,113.5,34.18,2019,12,7,-0.4985041582934018,0.8644255079206038,1.3629296662140056
206942,54627.0,117.23,38.03,2010,6,18,22.55960973099464,23.918219671716727,1.3586099407220864
296700,54810.0,116.27,36.87,2013,10,29,12.638012634676164,11.881031349661129,-0.7569812850150424
311668,53982.0,113.27,35.23,2014,5,24,26.21536183238895,25.650106224119103,-0.5652556082698439
148637,53983.0,114.42,35.03,2008,3,25,6.0628883890239225,7.732977098369731,1.6700887093458077
316829,54531.0,118.72,39.73,2014,11,23,3.824711541939912,2.980398589502143,-0.8443129524377677
85767,58027.0,117.15,34.28,2005,12,10,2.4868884902364683,0.2284437112544434,-2.258444778982025
234818,54628.0,117.48,38.15,2011,6,4,21.661815523209448,22.922308981751105,1.260493458541653
447818,54528.0,117.13,39.23,2019,3,3,7.690550612974423,5.036547315850264,-2.6540032971241594
42928,54433.0,116.5,39.95,2004,10,14,10.341252373170132,9.456628543972624,-0.8846238291975084
420785,54506.0,115.95,39.32,2018,6,24,28.836656851698717,27.99563759685555,-0.841019254843161
104403,54732.0,118.52,37.87,2006,10,18,17.416214812192038,16.820730066296793,-0.595484745895245
343051,54525.0,117.28,39.73,2015,9,22,22.1947162989349,22.33546465496443,0.1407483560295297
71515,54512.0,116.28,39.42,2005,6,29,26.06624809223279,25.761796462015944,-0.3044516302168461
47782,54617.0,116.17,38.2,2004,8,20,22.63422750056486,23.04957662916352,0.4153491285986526
405430,54902.0,115.15,35.95,2017,11,9,13.337761886760626,12.584205872941851,-0.7535560138187716
364849,53979.0,113.08,35.15,2016,7,22,32.068247388820794,30.499510522032924,-1.5687368667878765
60922,58011.0,116.07,34.8,2004,12,11,6.045645085874766,5.941045745627828,-0.1045993402469385
459667,57088.0,113.5,34.18,2019,8,12,28.06385315051773,27.95071087694668,-0.113142273571043
285825,54419.0,116.63,40.37,2013,5,18,19.71571388883983,18.702146065861854,-1.0135678229779757
243719,54921.0,116.33,35.42,2011,6,14,24.22081059367553,24.99838937938553,0.7775787857099985
230398,54505.0,116.1,39.93,2011,6,25,22.38372317354096,21.39190917702283,-0.9918139965181324
81214,54901.0,115.17,36.08,2005,2,14,-0.6289066812959709,-1.263027598792335,-0.634120917496364
385278,53492.0,114.15,40.1,2017,8,24,17.96481500029125,18.405400437713585,0.4405854374223353
227573,53998.0,114.65,35.2,2011,12,19,-0.6413158999024371,-1.6649828253142096,-1.0236669254117725
238929,54806.0,115.97,36.42,2011,1,11,-8.619783922777053,-7.152391762357713,1.4673921604193405
344313,54601.0,115.65,38.98,2015,12,8,-0.9216192994031192,-1.144045283897244,-0.2224259844941248
158062,54731.0,118.22,37.48,2008,11,4,10.723382897714592,9.242007716831797,-1.4813751808827949
313258,54406.0,115.97,40.45,2014,5,9,11.683475576130927,13.595279508212172,1.9118039320812483
53926,54822.0,117.73,36.87,2004,3,17,2.040171258900837,2.0593670712140995,0.0191958123132622
435270,57098.0,114.4,34.08,2018,9,8,20.432110413993037,22.177148394365872,1.7450379803728389
64698,53690.0,114.18,38.85,2005,12,21,-8.383523993700617,-9.013552703625642,-0.6300287099250248
449638,54615.0,116.85,38.58,2019,4,15,14.123247097126171,13.548699910779286,-0.5745471863468854
36206,53692.0,114.98,38.73,2004,7,6,26.880123954952225,26.73420406734169,-0.1459198876105389
251335,53696.0,115.02,38.55,2012,3,1,0.9887809403528358,0.7973805339871457,-0.1914004063656901
484817,57088.0,113.5,34.18,2020,12,20,-1.03344710040977,-1.4666220371883136,-0.4331749367785436
366755,54412.0,116.63,40.73,2016,5,27,16.348696437757926,15.399879188464975,-0.9488172492929472
438405,53491.0,114.38,40.68,2019,3,31,-1.0013383883680174,-1.5613364909768268,-0.5599981026088094
111083,54929.0,117.97,35.27,2006,1,22,-1.134898662007176,-1.8076533656360203,-0.6727547036288444
274903,57095.0,114.15,34.12,2012,10,16,15.603237468639932,14.654360136212954,-0.948877332426976
213960,54855.0,120.38,36.4,2010,10,15,13.190661604244172,13.438894275075317,0.2482326708311433
222031,53680.0,114.38,38.3,2011,11,26,0.5013894184196235,6.080779818557537,5.579390400137914
434870,57090.0,113.97,34.72,2018,11,1,13.020385360094696,11.306406835614652,-1.7139785244800445
43635,54455.0,120.65,40.62,2004,5,22,15.852937744940244,15.012215677787816,-0.8407220671524289
422857,54594.0,116.35,39.72,2018,12,19,-3.154138700428309,-1.6415599958252989,1.51257870460301
35662,53682.0,114.68,38.63,2004,7,6,25.95590161453313,26.20214722423349,0.2462456097003667
337213,53892.0,114.47,36.62,2015,1,18,3.0688081505667126,-0.3046101636419453,-3.3734183142086582
176844,54512.0,116.28,39.42,2009,6,22,23.986319460927547,24.53935646264409,0.5530370017165396
243258,54915.0,116.6,35.43,2011,4,19,11.44361684139364,12.094938650184949,0.6513218087913035
82551,54923.0,117.93,35.72,2005,7,15,29.328285386554853,28.75490064895813,-0.5733847375967223
130234,54640.0,114.87,36.92,2007,12,11,0.6829903466453946,0.5806777711471943,-0.1023125754982002
190288,57088.0,113.5,34.18,2009,6,7,22.578805118482908,22.786780763716845,0.2079756452339367
73430,54603.0,115.77,38.72,2005,11,16,2.470350967038672,2.5277941595629656,0.0574431925242935
400516,54725.0,117.53,37.5,2017,1,11,-1.2863347528244031,-2.0485098569555493,-0.7621751041311458
344603,54605.0,115.93,38.93,2015,4,28,19.336432945795323,18.82354783875039,-0.5128851070449301
222111,53681.0,113.37,38.83,2011,11,22,-2.594137293989212,-3.009022791846366,-0.4148854978571541
167535,53481.0,113.22,40.8,2009,10,21,2.6887432930285646,3.5854531314148383,0.8967098383862737
423399,54606.0,115.73,38.23,2018,12,29,-13.863745651483027,-12.45068565320184,1.4130599982811862
86208,58040.0,119.13,34.85,2005,12,13,-5.5390932581564165,-4.850230908667728,0.6888623494886881
252329,53789.0,114.63,37.88,2012,4,12,13.60550350862968,14.36133907360453,0.7558355649748503
13949,54532.0,118.08,39.8,2003,5,3,18.181748651998628,19.240437964819105,1.0586893128204764
42283,54423.0,117.92,40.97,2004,9,27,13.63235069761081,14.511735792340966,0.8793850947301554
50716,54722.0,117.63,37.75,2004,11,24,6.307555711636339,3.649951457003045,-2.6576042546332936
323341,54810.0,116.27,36.87,2014,7,21,33.061355197936045,32.660895052821495,-0.4004601451145504
444718,54406.0,115.97,40.45,2019,5,10,14.923115918264086,13.921784283289602,-1.0013316349744823
67011,53890.0,114.1,36.67,2005,1,30,-5.605618173150675,-5.357170023746893,0.2484481494037807
58324,54936.0,118.83,35.57,2004,6,5,19.756917870477427,18.7494792163312,-1.007438654146231
445985,54438.0,118.88,39.88,2019,3,14,3.360742085210118,5.174946589361876,1.8142045041517576
222715,53692.0,114.98,38.73,2011,3,18,6.832919314342915,7.264862684152202,0.4319433698092876
218223,58004.0,115.15,34.65,2010,10,25,8.248243049965291,7.119268007459032,-1.1289750425062586
224385,53795.0,114.4,37.65,2011,11,30,-2.599398839153316,-1.5928775390951764,1.0065213000581397
437914,53481.0,113.22,40.8,2019,12,10,-7.497982861739866,-9.905654587187234,-2.4076717254473685
6187,53892.0,114.47,36.62,2003,7,20,28.887198900822035,26.7867771854493,-2.100421715372736
295149,54734.0,118.0,37.35,2013,7,6,29.11205739104924,29.48269556512637,0.3706381740771292
478962,54803.0,116.02,36.98,2020,7,3,23.910997483033924,25.25484538928896,1.3438479062550392
311905,53985.0,113.82,35.5,2014,2,10,-8.652126593722121,-7.19706739816567,1.4550591955564514
377378,54829.0,117.87,36.77,2016,12,19,0.1816098901195221,1.4656232652728416,1.2840133751533194
266033,54727.0,117.55,36.68,2012,2,12,-0.2364577154972527,-2.415024657663386,-2.178566942166133
15431,54607.0,115.12,38.72,2003,3,11,3.4903143479677685,4.0019157780899,0.5116014301221319
429902,54823.0,117.0,36.6,2018,6,18,25.821479860670618,25.765553485723466,-0.0559263749471625
383585,58025.0,117.73,34.57,2016,5,20,20.44477962024104,19.881821446511285,-0.5629581737297542
303381,57096.0,114.78,34.53,2013,1,31,0.601475955166059,2.560693426348577,1.9592174711825183
431684,54857.0,120.33,36.07,2018,6,21,23.96752386437633,25.10084109389287,1.1333172295165392
131747,54717.0,116.4,37.63,2007,9,2,25.52262898663814,24.347439910785685,-1.1751890758524546
292006,54624.0,117.32,38.4,2013,11,14,6.138226554426078,6.567703428094903,0.4294768736688246
127789,54596.0,116.2,39.77,2007,4,15,8.825498415520876,9.079386597182248,0.2538881816613721
303115,57093.0,114.82,34.85,2013,2,5,-0.9788802745676384,-1.5170357831340633,-0.5381555085664247
92984,53984.0,113.47,35.23,2006,11,12,7.836647702769817,9.228392664049668,1.3917449612798514
249437,53499.0,114.73,40.77,2012,3,21,1.6291610232604334,-1.8602776881434,-3.489438711403833
196299,53783.0,113.72,37.6,2010,10,27,0.9432876648879128,-0.4248897186952605,-1.3681773835831734
271814,54910.0,116.05,35.82,2012,4,24,20.558562098982,17.727073454456608,-2.8314886445253933
410312,58021.0,117.28,34.78,2017,2,11,-0.2487118020120262,0.9015842207518964,1.1502960227639225
124212,54428.0,117.4,40.03,2007,12,1,-1.0490460865177476,-1.0837012967010389,-0.034655210183291
412971,53596.0,115.13,38.85,2018,9,22,15.816085735644648,16.149216399930108,0.3331306642854592
325268,54843.0,119.2,36.75,2014,10,3,15.448959011572232,17.187419677273805,1.7384606657015738
249659,53584.0,113.17,39.57,2012,3,10,-7.202650199926167,-7.257162933860892,-0.0545127339347262
218230,58004.0,115.15,34.65,2010,5,29,24.54776461058727,23.632746073024048,-0.9150185375632242
329848,58002.0,115.58,34.85,2014,10,23,18.607242295145284,17.74039741054006,-0.866844884605225
121251,53897.0,114.35,36.4,2007,8,27,23.113123172511955,25.55937066697908,2.4462474944671238
158887,54801.0,115.48,36.85,2008,6,4,18.590228936892807,19.916302965775884,1.326074028883081
247890,58034.0,118.32,34.6,2011,11,6,13.73605588005142,13.679762620263103,-0.0562932597883154
275976,58012.0,116.65,34.67,2012,7,13,28.99868560972809,27.37592917392704,-1.6227564358010511
338142,53982.0,113.27,35.23,2015,10,5,19.411748199571942,20.23335138700912,0.8216031874371801
374764,54731.0,118.22,37.48,2016,5,23,18.02480253569237,19.631981014635187,1.6071784789428136
220723,53487.0,113.42,40.08,2011,10,29,3.5549669899567533,2.9097463356005955,-0.6452206543561583
265513,54718.0,116.47,37.15,2012,12,8,-6.919612208752211,-6.514302298015165,0.4053099107370457
341782,54503.0,115.82,39.07,2015,6,23,25.728471744780165,24.48149632970137,-1.2469754150787935
466433,53878.0,113.38,36.52,2020,4,5,7.780300365462798,7.401826796303711,-0.3784735691590875
426235,54710.0,116.17,37.87,2018,9,4,23.042672276596388,23.61041619187985,0.567743915283458
351656,54828.0,117.68,36.23,2015,8,8,27.893048397570038,28.344973065292606,0.4519246677225723
473407,54541.0,119.23,39.9,2020,11,7,7.152568459407085,6.500769999877098,-0.6517984595299877
336871,53886.0,113.67,36.57,2015,9,29,18.27906050144365,17.689527234880465,-0.5895332665631834
297197,54818.0,116.42,36.25,2013,8,29,27.12390795814936,26.559658752695608,-0.564249205453752
68290,53988.0,113.67,35.27,2005,4,25,20.073087066950468,19.738322723292125,-0.3347643436583425
185812,54827.0,117.15,36.17,2009,6,20,25.259045407364827,25.416500429337805,0.1574550219729822
5538,53884.0,113.03,36.52,2003,2,2,-4.347021889913038,-5.410343367118889,-1.063321477205851
104039,54727.0,117.55,36.68,2006,10,16,21.275920091555072,21.041645675889253,-0.2342744156658156
190893,57191.0,114.47,34.52,2009,7,26,26.17053498638037,26.51565350282201,0.3451185164416408
261545,54602.0,115.48,38.73,2012,8,25,22.02339902498496,23.836080582966023,1.812681557981065
223120,53698.0,114.35,38.07,2011,5,26,20.55205448396332,19.52494728234662,-1.0271072016167009
27814,54919.0,116.98,35.38,2003,3,26,14.376741370895758,10.08426162398152,-4.292479746914236
118603,53699.0,114.95,38.18,2007,6,18,25.1833760233308,24.048429713993222,-1.1349463093375791
27942,54921.0,116.33,35.42,2003,1,30,-2.1648807212902703,-6.739809992079757,-4.574929270789489
261531,54601.0,115.65,38.98,2012,4,26,14.227765029067308,11.778616695927427,-2.449148333139884
377428,54830.0,117.93,36.82,2016,4,9,16.53863257461645,17.262055134930662,0.7234225603142121
481798,54852.0,120.73,36.97,2020,3,28,2.8120944877135603,4.7592686146955625,1.9471741269820024
440962,53788.0,113.57,37.33,2019,3,18,5.8710269381020925,4.483697138584552,-1.3873297995175404
287384,54455.0,120.65,40.62,2013,5,25,18.89749798223524,21.03149463018921,2.133996647953971
138301,54918.0,116.97,35.6,2007,5,21,23.47243872612421,20.97586226786575,-2.49657645825846
39057,53892.0,114.47,36.62,2004,11,22,6.534800958585964,5.396927195103421,-1.1378737634825429
10605,54433.0,116.5,39.95,2003,9,6,23.87592911298018,23.031404278326093,-0.8445248346540843
445126,54421.0,117.12,40.65,2019,7,23,27.28962563010623,27.970168751420964,0.6805431213147344
79488,54824.0,117.95,36.63,2005,11,25,4.185685079331206,5.0927188690859975,0.9070337897547917
384933,53486.0,113.77,40.37,2017,2,27,-0.9410216494778532,-1.846807953376032,-0.905786303898179
251426,53697.0,114.83,38.03,2012,3,18,1.1486248343069947,1.7834457707438651,0.6348209364368702
394399,54511.0,116.47,39.8,2017,12,6,0.2280786785973287,-1.5343678884625986,-1.7624465670599274
468702,53994.0,114.07,35.38,2020,7,31,29.822298051183427,29.98701655524485,0.1647185040614189
144285,53582.0,113.67,39.72,2008,8,25,16.613892952226934,18.458988918343387,1.8450959661164497
269102,54825.0,117.85,36.52,2012,10,24,13.677396209553557,14.148285566641931,0.4708893570883781
72568,54531.0,118.72,39.73,2005,12,19,-7.1209102689362815,-6.661994479242162,0.4589157896941192
452736,54730.0,118.13,37.7,2019,7,8,25.35480810355353,24.962419099776465,-0.3923890037770725
37357,53786.0,113.33,37.08,2004,3,14,3.061798716686595,2.9810899946055134,-0.0807087220810816
69094,54401.0,114.92,40.77,2005,3,28,2.218673207314687,3.965593207577181,1.7469200002624947
246999,58015.0,116.33,34.45,2011,8,16,30.30895424743122,28.97869781151749,-1.3302564359137357
12832,54518.0,116.4,39.17,2003,4,7,13.579611575950809,12.938138617317197,-0.6414729586336119
342694,54519.0,116.48,39.3,2015,11,21,-0.4562114548690086,1.089468779364667,1.5456802342336753
152126,54510.0,116.95,39.92,2008,12,2,0.1609708206546933,0.9504920568834782,0.7895212362287849
298908,54844.0,119.18,36.42,2013,4,21,7.0529210770105895,5.079675014583239,-1.973246062427351
77107,54729.0,117.87,37.17,2005,4,22,11.58020202436284,10.813797546068296,-0.7664044782945449
360287,53492.0,114.15,40.1,2016,8,10,26.138453482925392,26.173124112284004,0.0346706293586116
365840,53995.0,114.5,35.55,2016,11,2,9.341495476071644,8.819036522878342,-0.5224589531933024
308618,53699.0,114.95,38.18,2014,1,5,-2.364825844943552,-2.0806191743043767,0.284206670639175
432402,54909.0,115.52,35.08,2018,10,12,13.32056709895612,13.448613952161276,0.1280468532051539
297665,54824.0,117.95,36.63,2013,2,25,4.108116338720024,3.850523270630113,-0.2575930680899105
386456,53685.0,113.42,38.07,2017,3,7,-3.45024785156334,-3.6998600281362304,-0.2496121765728905
125304,54499.0,116.22,40.22,2007,8,23,26.02298116237405,26.28896295474534,0.2659817923712886
177623,54525.0,117.28,39.73,2009,8,1,26.88004262749675,26.789252480725303,-0.0907901467714467
445551,54430.0,118.22,40.78,2019,11,14,-5.743417642131232,-2.3157144222856,3.427703219845631
295932,54800.0,115.25,37.0,2013,9,30,19.751102894928128,19.004379032563246,-0.7467238623648846
47469,54613.0,116.62,38.7,2004,8,18,24.971467293861423,24.34444570060812,-0.627021593253307
366868,54419.0,116.63,40.37,2016,8,28,21.386850060746934,21.458930732966486,0.0720806722195526
23133,54817.0,115.87,35.98,2003,2,20,2.1409248387126363,1.4094947418246444,-0.7314300968879919
359786,53481.0,113.22,40.8,2016,3,14,-2.838491316345467,-3.619598175425932,-0.7811068590804648
407273,54935.0,118.43,35.53,2017,12,11,-3.606639277904853,-2.4118573663163616,1.194781911588492
230807,54513.0,116.2,39.95,2011,2,6,-0.0046147299039884,-0.7492595234488666,-0.7446447935448782
179636,54614.0,116.05,38.42,2009,5,3,18.782924532063376,19.632036100623967,0.8491115685605912
273216,54932.0,118.65,35.77,2012,11,25,1.4960028374977683,3.0455288901844604,1.549526052686692
362996,53792.0,114.48,37.45,2016,2,21,-2.4535881355652323,-1.0838093022190662,1.369778833346166
414598,53783.0,113.72,37.6,2018,12,14,-7.4940002635044465,-8.174106488291175,-0.6801062247867264
447260,54518.0,116.4,39.17,2019,12,29,-1.585595667073973,-2.9731834583903187,-1.387587791316346
205680,54608.0,115.55,38.0,2010,9,8,21.991241663539423,22.12442637761352,0.1331847140740905
254038,53893.0,114.95,36.77,2012,5,28,25.54685129640385,22.722452225489786,-2.8243990709140654
324221,54825.0,117.85,36.52,2014,7,31,28.19004102385732,28.33488820173861,0.1448471778812887
444628,54405.0,115.5,40.42,2019,9,8,23.66864520921716,22.82354145773893,-0.8451037514782271
433887,54939.0,118.82,35.17,2018,5,18,22.121412780431328,22.53159370225155,0.4101809218202206
210346,54753.0,120.33,37.63,2010,8,21,31.194725221634297,30.10921763135881,-1.0855075902754905
136492,54848.0,119.42,35.98,2007,10,4,21.39845523341735,20.357009269873306,-1.0414459635440458
4469,53791.0,114.5,37.8,2003,3,7,2.0914441823899885,3.646289783782191,1.5548456013922018
304752,58021.0,117.28,34.78,2013,9,2,23.16762099549296,22.22649525240189,-0.9411257430910672
68697,53996.0,114.65,36.45,2005,7,24,26.53897256344956,27.10788481624538,0.5689122527958226
412151,53491.0,114.38,40.68,2018,10,13,5.045634874882369,7.6934728324283315,2.6478379575459616
415893,53884.0,113.03,36.52,2018,6,16,22.16475697836403,20.537487595188235,-1.6272693831757934
49827,54709.0,116.07,37.23,2004,8,22,22.95955024871602,23.44348913699836,0.4839388882823386
4697,53795.0,114.4,37.65,2003,5,27,22.86284944146303,22.89871838656185,0.0358689450988194
468521,53991.0,114.33,35.92,2020,5,3,26.55197786806856,25.10513081474045,-1.4468470533280993
393360,54438.0,118.88,39.88,2017,8,31,22.82378749276147,21.42498867923241,-1.398798813529062
47093,54608.0,115.55,38.0,2004,5,27,18.98979637946513,19.140912693751524,0.1511163142863942
88239,53680.0,114.38,38.3,2006,6,2,25.711523392358192,22.804253218354287,-2.907270174003898
281589,53791.0,114.5,37.8,2013,7,31,30.533820848972567,29.530761282528943,-1.0030595664436248
19108,54713.0,116.53,37.88,2003,8,24,25.993801474022003,26.700250710556933,0.7064492365349259
345667,54620.0,115.57,38.48,2015,6,9,23.91836536713836,24.225437348445173,0.3070719813068088
378864,54902.0,115.15,35.95,2016,3,13,4.070272146102665,4.183715934227681,0.1134437881250161
25580,54851.0,120.57,36.9,2003,10,13,10.277057568134548,9.673612836152069,-0.6034447319824778
191499,58011.0,116.07,34.8,2009,6,22,24.982462229233327,26.104225127248544,1.1217628980152163
97750,54519.0,116.48,39.3,2006,7,7,26.47170042273032,25.826040781851408,-0.6456596408789146
3752,53782.0,113.62,37.93,2003,9,21,17.378810943890194,17.06444472725997,-0.3143662166302228
327082,54915.0,116.6,35.43,2014,5,7,19.15921946073537,19.6398613031487,0.4806418424133305
395838,54534.0,118.1,39.65,2017,2,25,1.1263647544253514,1.4177101875999911,0.2913454331746399
24147,54829.0,117.87,36.77,2003,4,12,13.087847571804897,12.367673157227845,-0.7201744145770501
442402,53892.0,114.47,36.62,2019,10,21,14.590772075231367,13.365413753927136,-1.2253583213042347
3802,53783.0,113.72,37.6,2003,4,14,9.961508423386334,10.137093873079923,0.1755854496935907
288700,54520.0,117.08,39.97,2013,4,23,11.05039817338518,12.564890842955077,1.514492669569897
320972,54716.0,116.8,37.67,2014,7,14,26.44634262077507,26.91139669530517,0.4650540745301015
217306,57089.0,113.93,34.07,2010,1,30,4.72115652356614,3.975484724466935,-0.7456717990992052
237653,54732.0,118.52,37.87,2011,2,13,-7.2283901938464945,-7.672778419079679,-0.4443882252331859
117314,53596.0,115.13,38.85,2007,12,31,-4.0299578485496586,-4.4197826402235405,-0.389824791673881
422023,54527.0,117.05,39.08,2018,2,12,-5.9932767783925005,-4.8136872183160335,1.1795895600764672
220121,58047.0,119.23,34.25,2010,4,3,9.010509498042715,9.499396105486742,0.4888866074440248
350814,54817.0,115.87,35.98,2015,2,16,4.668188157546265,4.388444440751072,-0.2797437167951937
45066,54522.0,117.73,39.88,2004,3,3,-3.4595428997687168,-3.2600704483759406,0.1994724513927761
146395,53786.0,113.33,37.08,2008,5,12,6.1740585871471705,7.433001095716349,1.258942508569178
410530,58026.0,118.02,34.4,2017,2,15,6.428118686496664,5.852949358377527,-0.5751693281191379
14401,54540.0,119.2,39.73,2003,12,5,2.624575121559996,1.2302724276298185,-1.3943026939301777
426106,54708.0,115.73,37.5,2018,12,27,-9.1059480948179,-9.771794789272892,-0.6658466944549915
236006,54708.0,115.73,37.5,2011,3,13,13.510583795408284,11.68296306978435,-1.827620725623936
399331,54706.0,115.67,37.08,2017,11,1,12.87808883769113,11.86043448949293,-1.0176543481982012
155446,54623.0,117.72,39.05,2008,9,13,23.38615642921116,23.9336691584823,0.5475127292711406
344465,54603.0,115.77,38.72,2015,11,17,5.035915288236946,5.280721591364124,0.2448063031271781
356659,57091.0,114.3,34.78,2015,12,29,1.8521104322908768,-0.2526560911440519,-2.104766523434929
175339,54431.0,116.75,39.85,2009,5,28,21.076185455826646,21.46279354875872,0.3866080929320717
280365,53695.0,114.68,38.35,2013,9,23,18.08398255578456,19.162008235051783,1.0780256792672205
164659,57088.0,113.5,34.18,2008,9,30,18.265270791515164,18.238534702012306,-0.0267360895028581
3304,53698.0,114.35,38.07,2003,3,7,4.366835097593461,4.481242245800035,0.114407148206574
231208,54519.0,116.48,39.3,2011,7,3,27.56890885420679,27.25000250230852,-0.3189063518982671
453558,54759.0,120.85,37.32,2019,6,7,21.69154098423593,21.26346354494189,-0.4280774392940429
355888,57081.0,113.43,34.8,2015,6,3,22.038775586003453,22.589762722099863,0.5509871360964098
45802,54532.0,118.08,39.8,2004,5,23,19.059114933738623,19.64811374048176,0.5889988067431382
225115,53885.0,113.2,36.12,2011,4,20,12.021837211075791,12.201959995143785,0.1801227840679935
307294,53594.0,114.18,39.45,2014,8,12,17.31002073887915,18.899726750847982,1.589706011968829
164627,57087.0,113.73,34.27,2008,8,26,25.85097681506293,25.75545898696001,-0.0955178281029205
190203,57087.0,113.73,34.27,2009,5,29,21.595144793211475,21.696253983095406,0.1011091898839318
207196,54633.0,115.27,37.5,2010,6,10,21.997705072903123,22.93656380119224,0.9388587282891124
160174,54822.0,117.73,36.87,2008,11,26,4.036233378659931,3.4849233412717138,-0.5513100373882174
234607,54626.0,115.82,38.42,2011,2,16,-3.642081420476712,-2.412689728696708,1.2293916917800043
142703,58034.0,118.32,34.6,2007,11,10,6.6183689145141935,6.047523129638094,-0.5708457848760995
362325,53780.0,113.15,37.9,2016,3,11,-7.846111435337219,-6.434583209776415,1.4115282255608053
365123,53983.0,114.42,35.03,2016,8,15,26.81530041569738,28.31804405321061,1.5027436375132233
487167,58035.0,118.35,34.33,2020,7,17,25.47394315697321,26.28952721427582,0.8155840573026119
83518,57083.0,113.65,34.72,2005,12,7,-4.039047084637634,-2.5612039388663668,1.4778431457712666
371973,54621.0,115.18,38.18,2016,4,11,8.059819844884968,11.814445702130731,3.754625857245765
447132,54515.0,116.7,39.5,2019,3,9,6.5184587404277305,4.314983226100786,-2.2034755143269447
133865,54805.0,115.47,36.45,2007,7,23,26.05903845980145,24.81509225051336,-1.2439462092880935
98383,54528.0,117.13,39.23,2006,10,21,14.22801507258176,14.403929159074044,0.1759140864922841
254025,53893.0,114.95,36.77,2012,5,2,23.05804544355788,19.98536319546456,-3.0726822480933187
129597,54623.0,117.72,39.05,2007,8,29,24.260730341339496,24.47193045951339,0.2112001181738989
297713,54825.0,117.85,36.52,2013,8,21,25.49798408101109,26.87378637515107,1.3758022941399766
63250,53488.0,113.58,40.03,2005,12,5,-20.802866917969727,-20.20445067778944,0.5984162401802884
219829,58036.0,118.72,34.55,2010,9,27,20.98309674179573,18.131219500006573,-2.8518772417891576
2285,53687.0,113.63,37.78,2003,9,10,16.117051622151948,17.483542211730313,1.3664905895783692
188730,54920.0,117.28,35.65,2009,1,8,-4.655024841364577,-2.9153732386550173,1.73965160270956
199284,53986.0,113.88,35.32,2010,3,5,2.6261355109431808,-0.8770071908883268,-3.503142701831508
238718,54804.0,115.18,36.3,2011,3,31,12.207732560537682,11.516685305717656,-0.6910472548200275
59629,57091.0,114.3,34.78,2004,10,30,15.718052923264382,14.592797761051376,-1.1252551622130067
232775,54597.0,115.73,39.73,2011,6,18,23.61349674934733,22.76088790641052,-0.8526088429368102
261847,54605.0,115.93,38.93,2012,3,16,5.852030126493402,5.097888464806856,-0.7541416616865435
453175,54738.0,118.4,37.05,2019,3,20,11.371960547896109,12.95663474754848,1.5846741996523726
251797,53781.0,114.47,36.87,2012,2,23,-0.9240015377955308,-2.1087399324083047,-1.184738394612774
320492,54709.0,116.07,37.23,2014,11,21,7.558359024148668,7.270444488705353,-0.2879145354433144
254314,53896.0,114.95,36.33,2012,10,27,12.79055010736274,14.069007962901953,1.2784578555392123
303142,57093.0,114.82,34.85,2013,8,7,31.69323236034593,31.81731009343964,0.1240777330937064
87870,53590.0,114.27,39.75,2006,12,3,-14.719169232440205,-12.723239465217988,1.9959297672222167
111694,54943.0,120.0,35.88,2006,5,10,16.669461066846477,15.926030206401151,-0.7434308604453257
254233,53895.0,114.45,36.75,2012,11,27,4.0535785213091335,3.9818139879904217,-0.0717645333187118
69955,54425.0,117.47,40.4,2005,7,20,28.78080720680539,26.2088304236564,-2.571976783148997
424386,54619.0,116.92,38.92,2018,12,26,-6.440628160807006,-6.501471204184678,-0.0608430433776714
302127,54943.0,120.0,35.88,2013,9,2,23.17898707056416,22.82030524455491,-0.3586818260092492
333338,53590.0,114.27,39.75,2015,1,10,-6.434172324302909,-7.807811431639053,-1.3736391073361434
378834,54901.0,115.17,36.08,2016,6,10,26.98371550622177,25.73583034953742,-1.2478851566843507
329199,57090.0,113.97,34.72,2014,5,11,17.961302581976554,17.010223303851507,-0.9510792781250466
322932,54803.0,116.02,36.98,2014,6,14,26.91617719741625,26.145020054343696,-0.7711571430725499
246856,58012.0,116.65,34.67,2011,8,17,28.17451304870173,27.673221705600863,-0.5012913431008634
328929,57086.0,113.72,34.38,2014,11,18,4.705170864747654,5.2463974292080495,0.5412265644603957
78058,54801.0,115.48,36.85,2005,1,19,-3.954558368333168,-4.458283643784802,-0.5037252754516349
61095,58015.0,116.33,34.45,2004,4,27,11.843214751649365,12.645299685277244,0.8020849336278815
56022,54857.0,120.33,36.07,2004,2,16,4.576198724614267,2.9189067966605413,-1.6572919279537257
315629,54511.0,116.47,39.8,2014,2,21,-2.0098699091272656,-1.7635985847062907,0.2462713244209753
407337,54936.0,118.83,35.57,2017,1,10,-1.5792114985822274,-1.5755339594354634,0.003677539146764
232912,54602.0,115.48,38.73,2011,6,17,23.90903874494953,24.489131524087,0.5800927791374697
265147,54713.0,116.53,37.88,2012,8,25,24.11999329437702,24.239045301282147,0.1190520069051288
473780,54603.0,115.77,38.72,2020,11,25,2.476128582165116,0.8733190083504342,-1.602809573814682
248284,58045.0,119.6,34.2,2011,12,23,-2.5805631938278792,-1.251493637003,1.3290695568248792
379361,54909.0,115.52,35.08,2016,4,12,17.403908277859554,16.101375397956513,-1.3025328799030371
285049,54304.0,115.27,40.95,2013,4,15,5.4061421800341485,5.2407760109869255,-0.1653661690472239
310368,53885.0,113.2,36.12,2014,12,9,-6.260331668265956,-5.940404331185446,0.3199273370805118
459430,57085.0,113.33,34.53,2019,3,15,8.882135974905461,8.702093369100904,-0.180042605804557
301356,54922.0,117.75,35.87,2013,12,29,-5.675477116448167,-4.695139441655777,0.9803376747923904
88227,53680.0,114.38,38.3,2006,3,7,3.985508021105392,3.814086611760915,-0.1714214093444765
468707,53994.0,114.07,35.38,2020,12,27,0.1383871992939102,1.2374287611981478,1.0990415619042375
155183,54619.0,116.92,38.92,2008,2,7,-6.168126444924388,-6.033679556864822,0.134446888059565
143301,58048.0,119.35,34.12,2007,3,8,2.658835400052624,2.5630293035704432,-0.0958060964821809
52934,54808.0,115.63,36.23,2004,11,23,6.708543785784472,7.747994815603322,1.0394510298188502
58450,54939.0,118.82,35.17,2004,7,9,26.37416891720752,26.19401765984041,-0.180151257367104
140793,57098.0,114.4,34.08,2007,1,4,-3.174063145018533,-2.5751581678009527,0.5989049772175807
12999,54520.0,117.08,39.97,2003,9,23,20.17894435163201,20.695232707439423,0.5162883558074078
363448,53799.0,115.0,37.23,2016,5,30,25.45615292420188,23.90232579408496,-1.5538271301169218
216207,54936.0,118.83,35.57,2010,2,24,9.966496959312847,5.987521692852464,-3.9789752664603855
228002,54405.0,115.5,40.42,2011,10,27,5.389959591198883,5.673885459234246,0.2839258680353627
304667,58020.0,117.13,34.8,2013,10,14,19.039545013150057,17.786288750746998,-1.2532562624030632
265755,54723.0,117.57,37.65,2012,11,4,3.202122710237669,2.758119713182221,-0.4440029970554469
330390,58011.0,116.07,34.8,2014,5,14,20.13841622430077,20.243367337577048,0.1049511132762788
344789,54608.0,115.55,38.0,2015,7,27,31.80505798343996,30.872117672985677,-0.932940310454292
302720,57086.0,113.72,34.38,2013,1,26,-1.7045441134161152,-2.781927327587283,-1.077383214171168
200752,54410.0,116.13,40.6,2010,5,3,9.879759052440749,10.907421572594997,1.027662520154248
256044,53997.0,114.18,35.15,2012,8,10,27.027944906643253,27.89577234814275,0.8678274414994895
203040,54511.0,116.47,39.8,2010,2,25,3.9809640811629534,1.0693835089604575,-2.911580572202496
461038,58013.0,116.9,34.75,2019,8,15,27.98589275786123,28.75763855187516,0.7717457940139383
77515,54737.0,118.15,37.15,2005,10,5,16.741114290164617,16.723586561904174,-0.0175277282604433
413149,53680.0,114.38,38.3,2018,9,8,19.72698221147079,20.907606762257224,1.1806245507864368
276394,58021.0,117.28,34.78,2012,4,13,14.52455248674656,15.081669481168689,0.5571169944221257
295036,54731.0,118.22,37.48,2013,10,10,18.357301188856496,16.05834126535084,-2.298959923505656
481475,54844.0,119.18,36.42,2020,2,5,-5.609623673756894,-5.8118462001712095,-0.2022225264143173
418654,54405.0,115.5,40.42,2018,2,6,-10.253596746427062,-10.724359294142513,-0.4707625477154487
76099,54711.0,116.28,37.7,2005,7,9,29.909953937194963,28.82363328872564,-1.0863206484693215
109806,54909.0,115.52,35.08,2006,10,1,19.95854037949989,20.20451439709896,0.2459740175990639
357765,58008.0,115.33,34.47,2015,10,10,12.423544386141034,12.0048533781535,-0.4186910079875332
377564,54832.0,118.8,36.87,2016,11,2,4.714055127728157,5.154677920391425,0.4406227926632677
139649,57081.0,113.43,34.8,2007,3,3,6.4031499627744815,7.386303384919028,0.9831534221445484
274746,57093.0,114.82,34.85,2012,5,13,20.10467138369261,19.322895701449607,-0.7817756822430084
473283,54539.0,118.88,39.43,2020,8,24,26.07787170254771,26.7545846239048,0.6767129213570904
360355,53498.0,115.03,40.57,2016,8,2,25.619482669274888,24.965683432952385,-0.6537992363225023
365632,53992.0,114.52,35.65,2016,12,30,0.0139461241691757,-0.2743987568297619,-0.2883448809989376
480563,54827.0,117.15,36.17,2020,4,8,11.713915997675135,9.446202029711944,-2.267713967963191
240984,54835.0,118.55,36.5,2011,1,20,-7.943529764720662,-8.269158975556554,-0.3256292108358929
30012,57089.0,113.93,34.07,2003,11,5,15.316536667050784,13.933657967714758,-1.3828786993360271
351635,54828.0,117.68,36.23,2015,5,2,19.07692389107461,17.591775996994624,-1.4851478940799832
298169,54831.0,118.5,36.65,2013,4,21,7.113497230697657,6.995610977041429,-0.1178862536562279
293924,54714.0,116.33,37.45,2013,7,18,27.633355204847387,28.014962642198164,0.3816074373507732
253399,53883.0,114.7,37.13,2012,7,6,28.42106827980532,27.925415827538625,-0.4956524522666968
152413,54515.0,116.7,39.5,2008,4,30,20.71733539702948,20.03391475194892,-0.6834206450805631
385368,53498.0,115.03,40.57,2017,9,15,19.78174060249336,18.046291485382373,-1.7354491171109885
39366,53896.0,114.95,36.33,2004,12,24,-9.796743634815751,-9.690296772519169,0.1064468622965844
292372,54631.0,115.15,37.07,2013,8,6,32.61623889201936,31.51823031339313,-1.098008578626235
35906,53689.0,115.07,38.02,2004,8,25,26.14991956059796,25.11618867078264,-1.0337308898153132
93120,53986.0,113.88,35.32,2006,12,12,2.9260962643662323,4.090136428361285,1.164040163995053
136835,54855.0,120.38,36.4,2007,12,21,4.996996186668291,2.5449681553439403,-2.4520280313243505
431655,54855.0,120.38,36.4,2018,10,4,19.17752981413712,15.100566110196343,-4.076963703940779
344718,54607.0,115.12,38.72,2015,10,9,12.501418117851884,12.00393332954298,-0.4974847883089062
118160,53693.0,114.13,38.03,2007,4,20,19.748083988597863,16.9107300133058,-2.837353975292064
138739,54925.0,117.68,35.5,2007,2,18,5.9399042086889065,5.415024028301247,-0.5248801803876582
28905,54940.0,119.2,35.75,2003,11,19,7.979017607993357,6.580134395182366,-1.3988832128109907
302707,57086.0,113.72,34.38,2013,7,19,26.18597083744585,28.2057147312309,2.0197438937850483
146637,53791.0,114.5,37.8,2008,3,15,8.873131730883486,8.761550673623324,-0.1115810572601621
350517,54812.0,116.72,36.73,2015,3,11,1.648965404320963,2.536824417347017,0.8878590130260542
182806,54726.0,117.18,37.7,2009,5,13,17.416214812192038,18.69120835955247,1.274993547360431
465769,53789.0,114.63,37.88,2020,7,6,27.38673870137088,28.59668726008936,1.2099485587184766
246358,58004.0,115.15,34.65,2011,9,16,23.04396882897897,23.436533398170727,0.3925645691917623
242811,54909.0,115.52,35.08,2011,4,21,16.446251731801883,14.854602587060423,-1.59164914474146
331600,58036.0,118.72,34.55,2014,1,23,1.2812088111680928,1.4096853889622032,0.1284765777941103
207290,54636.0,116.1,39.02,2010,2,26,-1.6054144724270756,-1.219533161238178,0.3858813111888975
4440,53791.0,114.5,37.8,2003,8,9,28.157032104963235,26.99876649607405,-1.1582656088891845
23680,54824.0,117.95,36.63,2003,11,20,7.469145647287411,7.554327057187892,0.0851814099004819
64150,53599.0,114.68,39.37,2005,12,13,-13.773232844690346,-14.666250628240032,-0.893017783549686
16226,54616.0,116.85,38.35,2003,2,14,0.0870366182781827,-0.1946924180044427,-0.2817290362826254
427662,54736.0,118.67,37.43,2018,4,15,10.10070207915701,10.907328081675091,0.8066260025180831
308436,53696.0,115.02,38.55,2014,2,27,2.4808459958119324,3.028848159211325,0.548002163399393
10439,54431.0,116.75,39.85,2003,9,20,17.738788538055687,18.468799501732143,0.7300109636764559
472411,54522.0,117.73,39.88,2020,7,16,28.194222681813784,26.920855381027877,-1.2733673007859103
410576,58026.0,118.02,34.4,2017,12,16,-2.02912856489005,-2.2045073870813736,-0.1753788221913237
319148,54624.0,117.32,38.4,2014,5,10,15.354755626077528,14.892401155271225,-0.4623544708063054
190529,57093.0,114.82,34.85,2009,7,25,25.49902606725843,25.716455863640512,0.2174297963820848
486107,58011.0,116.07,34.8,2020,9,13,23.934424337718426,24.086520360830043,0.1520960231116177
95703,54432.0,118.47,40.62,2006,7,1,23.47142771382252,23.0815711028122,-0.3898566110103161
114089,58015.0,116.33,34.45,2006,1,30,1.265058768973887,-1.6875398898722662,-2.952598658846153
354155,54912.0,116.5,35.77,2015,9,7,20.82290611260307,22.16952389642073,1.3466177838176598
371923,54621.0,115.18,38.18,2016,2,14,-4.896192821798066,-3.7385979530793447,1.1575948687187214
218331,58005.0,115.53,34.43,2010,12,17,-0.4036405023531302,-0.5733206136082156,-0.1696801112550854
454521,54815.0,116.27,36.38,2019,10,16,10.603869153091178,10.545244627256617,-0.0586245258345616
384255,58040.0,119.13,34.85,2016,4,27,13.850411015024116,15.455541085514492,1.6051300704903788
160495,54827.0,117.15,36.17,2008,3,29,4.996996186668291,5.205652667842863,0.2086564811745717
199099,53983.0,114.42,35.03,2010,5,15,17.66448525744709,18.56310202787813,0.8986167704310368
432756,54915.0,116.6,35.43,2018,5,19,21.107422183497924,20.965293595997576,-0.1421285875003448
105644,54805.0,115.47,36.45,2006,1,15,0.7178948701856179,-0.0467349405039343,-0.7646298106895523
259144,54510.0,116.95,39.92,2012,2,20,-4.047142657091786,-3.544161748282665,0.5029809088091213
283786,53981.0,113.27,35.78,2013,4,7,4.384508112242385,3.4698543832660143,-0.9146537289763704
252542,53791.0,114.5,37.8,2012,4,30,17.263108426072854,17.492865757623427,0.2297573315505694
98087,54525.0,117.28,39.73,2006,12,3,-5.66941044750575,-5.432642777502784,0.2367676700029673
206472,54619.0,116.92,38.92,2010,6,20,25.03900218873607,25.50987955195156,0.4708773632154859
470024,54423.0,117.92,40.97,2020,2,12,-0.5773394933796522,-1.3528404333457658,-0.7755009399661138
210177,54749.0,119.95,37.18,2010,12,11,-1.6444004942978492,-0.4418151037832387,1.2025853905146104
58180,54932.0,118.65,35.77,2004,7,1,24.795573845289606,24.46043786405564,-0.335135981233968
269697,54833.0,118.08,36.97,2012,6,15,22.859700326946264,23.22365534150049,0.3639550145542252
373573,54711.0,116.28,37.7,2016,11,12,8.252278682528232,8.41257602668319,0.1602973441549586
433842,54939.0,118.82,35.17,2018,1,24,-8.266481464737655,-7.207966498011945,1.05851496672571
220394,53481.0,113.22,40.8,2011,4,23,1.3073209709282312,2.5380315689030857,1.230710597974855
76861,54725.0,117.53,37.5,2005,4,3,9.729194180287326,11.249224743611698,1.520030563324374
211381,54811.0,116.62,36.93,2010,5,12,15.553636172866412,16.566995685795366,1.0133595129289503
95222,54424.0,117.12,40.17,2006,11,7,1.4019865698746314,2.022784029540765,0.6207974596661336
82286,54918.0,116.97,35.6,2005,2,4,-0.199745967060833,-2.3354808044932778,-2.135734837432445
299375,54853.0,120.42,36.17,2013,4,9,5.335979755749432,6.266592138854091,0.9306123831046592
437163,58035.0,118.35,34.33,2018,8,13,31.00457913353168,28.90691807008161,-2.0976610634500723
12,53481.0,113.22,40.8,2003,4,13,2.240505590352833,4.871204145471894,2.63069855511906
423403,54606.0,115.73,38.23,2018,8,10,29.98584171513708,29.642199909077423,-0.3436418060596544
123999,54424.0,117.12,40.17,2007,12,14,-4.510753044375323,-4.538102957335603,-0.0273499129602807
179591,54613.0,116.62,38.7,2009,7,14,26.92450175919528,27.333570810802108,0.4090690516068243
227534,53997.0,114.18,35.15,2011,6,1,20.70556526115211,21.83393230133334,1.1283670401812351
184943,54814.0,116.25,36.53,2009,10,31,7.73373666943146,9.004694952570105,1.2709582831386452
189932,57083.0,113.65,34.72,2009,10,29,19.270643288711423,17.71853640230547,-1.552106886405955
350838,54818.0,116.42,36.25,2015,12,25,-1.033496892453528,0.1901188904251085,1.2236157828786365
112863,57095.0,114.15,34.12,2006,6,13,27.33726188811581,24.64047333459775,-2.6967885535180613
404020,54832.0,118.8,36.87,2017,6,16,26.299874691521783,26.36303881921664,0.0631641276948613
130707,54703.0,115.88,37.8,2007,10,16,11.416906891886326,11.847573379864556,0.4306664879782325
284651,53993.0,114.92,35.93,2013,6,19,26.70645446866212,26.358503734100328,-0.3479507345617847
418581,54404.0,115.83,40.88,2018,12,23,-14.490051752445446,-16.46528995413821,-1.9752382016927648
444384,54399.0,116.28,39.98,2019,5,16,23.746067421407727,23.73025588269701,-0.0158115387107216
87003,53488.0,113.58,40.03,2006,5,21,13.022103659251313,11.823443251241596,-1.198660408009717
313338,54408.0,115.22,40.38,2014,4,28,13.384042022630055,13.138743265819883,-0.2452987568101701
72180,54523.0,117.07,39.43,2005,3,31,8.071196929527343,7.084937359133737,-0.9862595703936056
365940,53996.0,114.65,36.45,2016,2,19,3.383230201330458,1.3489835199347653,-2.0342466813956923
397152,54611.0,115.32,38.93,2017,11,5,6.666320736804973,7.319089534278553,0.6527687974735787
327495,54921.0,116.33,35.42,2014,2,25,7.474515217363317,9.009932322827424,1.5354171054641057
331823,58044.0,119.23,34.55,2014,11,20,7.656375648650958,10.148638860215057,2.492263211564097
440912,53786.0,113.33,37.08,2019,4,2,2.8857048148301203,1.912762476859712,-0.9729423379704084
450829,54640.0,114.87,36.92,2019,8,29,23.10366809247884,22.92080013481888,-0.1828679576599619
439894,53691.0,114.57,38.15,2019,1,28,-1.8720473701648688,-1.8001568140754989,0.0718905560893696
185659,54825.0,117.85,36.52,2009,5,9,22.086570321169628,22.80388636087693,0.7173160397073097
103658,54722.0,117.63,37.75,2006,4,22,13.380772685796154,13.742600903659053,0.3618282178628984
368165,54455.0,120.65,40.62,2016,1,4,-12.075665499045297,-10.7325498350524,1.3431156639928972
234938,54632.0,115.03,37.07,2011,5,2,16.695887847357017,16.392742821568767,-0.3031450257882504
412468,53580.0,113.1,39.82,2018,12,29,-16.835076159728214,-19.32322972713629,-2.48815356740808
229765,54452.0,119.8,40.8,2011,12,10,-10.37024220603112,-9.20868531899854,1.16155688703258
97051,54507.0,115.52,39.33,2006,12,14,-2.9343591754232072,-2.84942888568428,0.0849302897389279
352650,54846.0,119.73,36.38,2015,3,11,0.3374885688098059,1.6346181111583398,1.2971295423485338
250635,53687.0,113.63,37.78,2012,12,20,-8.016088076861255,-11.51013226849748,-3.494044191636224
127706,54594.0,116.35,39.72,2007,5,16,18.8326651840752,18.97164204991222,0.1389768658370229
462278,58044.0,119.23,34.55,2019,5,4,17.289144949436913,18.366939902399448,1.077794952962538
13510,54527.0,117.05,39.08,2003,10,26,11.717221605852014,11.879490149839866,0.1622685439878495
289262,54528.0,117.13,39.23,2013,6,30,28.34131417312752,27.59367570130805,-0.7476384718194673
116181,53487.0,113.42,40.08,2007,10,15,4.298744541930762,4.321848658938164,0.023104117007402
109699,54908.0,115.1,35.27,2006,1,19,-3.642125641490812,-3.4270547317130555,0.2150709097777565
192618,58036.0,118.72,34.55,2009,10,20,12.463887076317349,12.966828544313495,0.5029414679961484
416187,53890.0,114.1,36.67,2018,9,30,14.552476339415884,14.296980251491677,-0.2554960879242092
57253,54915.0,116.6,35.43,2004,9,17,25.401538689183607,25.147267276422788,-0.254271412760815
298685,54841.0,119.42,36.87,2013,10,12,18.561970675323515,19.538460372393235,0.97648969706972
139425,54943.0,120.0,35.88,2007,10,6,24.22131688938036,24.312742239347266,0.0914253499669008
236039,54708.0,115.73,37.5,2011,2,9,-3.041405949478322,-4.436810277658075,-1.395404328179752
135404,54828.0,117.68,36.23,2007,11,12,5.745176982853758,5.914141326979071,0.1689643441253121
47882,54618.0,116.55,38.08,2004,3,9,12.552190144255915,12.124751497681908,-0.4274386465740072
270298,54844.0,119.18,36.42,2012,10,28,12.239187006988828,11.97551463452258,-0.2636723724662477
52514,54803.0,116.02,36.98,2004,12,18,-0.3665732441026081,0.4368287866553581,0.8034020307579661
282240,53878.0,113.38,36.52,2013,3,12,6.073232263377332,2.9481234683545483,-3.1251087950227827
323347,54810.0,116.27,36.87,2014,9,6,24.750597838062404,24.33198686439475,-0.4186109736676577
8526,53998.0,114.65,35.2,2003,11,23,5.503621245720243,4.403566013281343,-1.1000552324389004
183350,54736.0,118.67,37.43,2009,7,28,27.12164086718456,26.96557033172234,-0.1560705354622165
149830,54401.0,114.92,40.77,2008,9,22,15.882836093196392,15.71077419155896,-0.1720619016374307
265507,54718.0,116.47,37.15,2012,1,17,1.1367705749525925,-1.1976908128087655,-2.3344613877613583
61517,58022.0,117.57,34.75,2004,4,25,13.898713800197983,12.646988458216178,-1.251725341981805
257093,54420.0,117.33,40.93,2012,3,20,-1.0757732364048835,-2.0762875324773704,-1.0005142960724864
270068,54841.0,119.42,36.87,2012,3,13,2.554425877612169,1.3460310142125838,-1.2083948633995851
427286,54729.0,117.87,37.17,2018,7,4,28.50284978142716,28.190405230713548,-0.3124445507136109
451490,54707.0,115.98,37.35,2019,12,17,0.5569627054183345,-0.3039453399323523,-0.8609080453506868
133292,54755.0,120.38,37.33,2007,5,25,18.80177591889501,20.3625780117628,1.5608020928677853
433877,54939.0,118.82,35.17,2018,8,24,25.2037190948882,25.6594091350154,0.4556900401272017
101414,54627.0,117.23,38.03,2006,11,28,-0.8844776766670933,-0.495610813632604,0.3888668630344893
152813,54522.0,117.73,39.88,2008,6,15,22.413633645335803,22.262480069725065,-0.1511535756107385
161039,54835.0,118.55,36.5,2008,3,18,9.797246721579446,7.696722981156713,-2.1005237404227346
205103,54597.0,115.73,39.73,2010,12,11,-7.85191222489365,-7.934949870870104,-0.0830376459764536
169826,53696.0,115.02,38.55,2009,5,11,16.988702092763504,16.75938035405255,-0.2293217387109543
191407,58008.0,115.33,34.47,2009,8,11,29.52608593854441,29.10932552814642,-0.4167604103979912
408586,57091.0,114.3,34.78,2017,8,3,30.83770297211793,30.45935766670068,-0.3783453054172554
9874,54421.0,117.12,40.65,2003,7,2,23.2479433131558,23.456612373197068,0.2086690600412701
100042,54609.0,115.58,38.23,2006,8,9,30.53782313336891,30.05956677738832,-0.4782563559805908
128472,54608.0,115.55,38.0,2007,12,12,-2.8025393992822765,-2.653478669278797,0.1490607300034794
1318,53585.0,113.27,39.17,2003,12,24,-7.271571322638152,-7.969712065625736,-0.6981407429875848
306878,53582.0,113.67,39.72,2014,2,10,-21.716887072332767,-21.10328343453888,0.6136036377938936
133420,54759.0,120.85,37.32,2007,2,3,-0.1782118851001451,-1.649874391864999,-1.471662506764854
286821,54434.0,118.33,40.17,2013,4,8,4.027966038373381,4.028331558484438,0.0003655201110568
198062,53891.0,114.68,37.02,2010,12,20,-0.0034046535772668,0.3998128336291655,0.4032174872064323
308601,53699.0,114.95,38.18,2014,4,28,16.136064735185936,15.28684783783572,-0.8492168973502174
420861,54507.0,115.52,39.33,2018,1,1,-6.934423079379227,-5.659468529248855,1.2749545501303725
187091,54851.0,120.57,36.9,2009,8,24,25.54025825230569,25.386951640612917,-0.1533066116927877
241603,54848.0,119.42,35.98,2011,10,28,11.847358321746285,11.227883733821368,-0.6194745879249162
137738,54910.0,116.05,35.82,2007,1,28,-4.301141452221209,-3.003333704480727,1.297807747740482
127002,54529.0,117.82,39.35,2007,9,27,17.2268222504031,17.58022240837758,0.3534001579744803
318303,54612.0,116.45,38.85,2014,3,27,16.293404370115358,14.760837787408835,-1.5325665827065205
412772,53590.0,114.27,39.75,2018,8,30,18.86432104040944,17.93803868773684,-0.926282352672601
377859,54837.0,118.83,36.68,2016,6,25,22.835571069504915,24.01137785532847,1.175806785823557
222225,53685.0,113.42,38.07,2011,5,29,18.38692144669282,17.925422546863018,-0.4614988998297989
199878,53995.0,114.5,35.55,2010,2,9,0.1283260629146319,0.7648199384677856,0.6364938755531536
359617,58049.0,119.8,34.02,2015,9,6,24.58604026738294,23.877551583022623,-0.7084886843603186
17434,54632.0,115.03,37.07,2003,5,13,21.53596493019232,20.81344426249642,-0.7225206676958962
414288,53699.0,114.95,38.18,2018,5,5,20.002974272312787,19.520106450433023,-0.4828678218797613
107135,54825.0,117.85,36.52,2006,11,27,1.2704911428146213,2.869157054208181,1.5986659113935593
347788,54714.0,116.33,37.45,2015,2,14,7.364975205558985,1.8628764289427169,-5.502098776616268
122889,54304.0,115.27,40.95,2007,8,17,19.419290577016056,18.84146233770868,-0.5778282393073795
286179,54424.0,117.12,40.17,2013,1,14,-8.561317576416233,-8.282896716000986,0.2784208604152472
200120,53998.0,114.65,35.2,2010,8,1,27.76628304382504,28.072347064220285,0.3060640203952438
59926,57096.0,114.78,34.53,2004,8,2,29.30341188777521,28.34803274617353,-0.9553791416016786
449095,54606.0,115.73,38.23,2019,10,13,13.796578317618506,14.291301305803607,0.494722988185103
168986,53681.0,113.37,38.83,2009,8,3,20.141680227412262,20.425400951919,0.2837207245067397
288929,54523.0,117.07,39.43,2013,3,24,0.4162772283394158,1.8938832132372176,1.4776059848978018
101378,54627.0,117.23,38.03,2006,5,25,20.012352054099715,19.35031285997333,-0.6620391941263861
289034,54525.0,117.28,39.73,2013,9,21,22.56826130351688,23.37247091582497,0.8042096123080924
359177,58038.0,118.78,34.08,2015,12,29,0.0678955971366613,1.203966852410714,1.1360712552740528
347590,54712.0,116.82,37.2,2015,5,19,18.42321578925404,18.702966794725192,0.2797510054711481
279707,53685.0,113.42,38.07,2013,3,16,3.742062108557599,4.872842642167185,1.1307805336095855
373398,54708.0,115.73,37.5,2016,8,8,26.55155869613501,27.81330805088325,1.261749354748236
190380,57090.0,113.97,34.72,2009,2,4,1.4140052973585635,2.713820297949093,1.29981500059053
83271,54945.0,119.55,35.47,2005,12,10,0.0400264659607105,-1.719060238093214,-1.7590867040539246
25019,54841.0,119.42,36.87,2003,10,22,8.212498155944498,8.190297895321278,-0.0222002606232205
357343,58003.0,115.88,34.95,2015,6,26,25.799226543792773,24.458527100302195,-1.340699443490582
53945,54822.0,117.73,36.87,2004,8,30,24.64020230260448,24.806832092923216,0.1666297903187406
203285,54514.0,116.25,39.87,2010,5,19,20.19975213065384,20.27195440532871,0.072202274674872
132241,54726.0,117.18,37.7,2007,9,17,24.11053649964261,21.80930400685629,-2.3012324927863155
378898,54902.0,115.15,35.95,2016,12,20,-0.2304236402669677,0.1923774743607494,0.4228011146277171
282067,53798.0,114.37,37.18,2013,10,13,16.931320765772874,18.73708173052455,1.8057609647516768
400336,54722.0,117.63,37.75,2017,11,18,-3.3944766733114045,-3.439495090005958,-0.0450184166945537
125987,54513.0,116.2,39.95,2007,4,29,19.592774845747364,16.799313826313337,-2.7934610194340266
371568,54616.0,116.85,38.35,2016,6,27,26.566818230767694,25.948974408209253,-0.6178438225584557
32207,58021.0,117.28,34.78,2003,9,19,21.86125314803853,19.90718762601872,-1.9540655220198104
210273,54752.0,120.77,37.8,2010,11,10,6.1132055719794725,8.233963938643496,2.1207583666640244
233139,54605.0,115.93,38.93,2011,3,3,-0.42479799618143,-0.5124205623082941,-0.0876225661268641
206843,54626.0,115.82,38.42,2010,4,24,12.962682550505765,12.47990171830443,-0.4827808322013372
154697,54611.0,115.32,38.93,2008,2,25,-2.9601894846387657,-1.6659776826268409,1.2942118020119249
134980,54822.0,117.73,36.87,2007,3,12,3.6877482945623816,2.2869657211804704,-1.4007825733819117
104750,54738.0,118.4,37.05,2006,11,19,8.30267726906899,7.27600511450493,-1.0266721545640607
41414,54399.0,116.28,39.98,2004,3,14,4.12776987203037,5.408485671881137,1.280715799850766
336948,53888.0,113.43,36.2,2015,7,10,19.791175315066216,20.54009606113061,0.7489207460643925
220859,53490.0,114.05,40.43,2011,5,1,8.071196929527343,7.899701031348543,-0.1714958981787999
345961,54624.0,117.32,38.4,2015,4,7,3.685295784991218,4.6709002661174885,0.9856044811262707
180541,54628.0,117.48,38.15,2009,9,11,19.93972678823904,19.87487162909886,-0.0648551591401798
4533,53792.0,114.48,37.45,2003,6,30,22.448829152357177,23.24651551675959,0.7976863644024128
22665,54811.0,116.62,36.93,2003,6,19,27.456960354314127,27.245181172652675,-0.211779181661452
414980,53790.0,114.6,37.63,2018,12,20,-2.0202676322816697,-1.0247414811165731,0.9955261511650968
44085,54506.0,115.95,39.32,2004,2,28,2.1214002615380454,3.373464499427069,1.2520642378890234
219327,58025.0,117.73,34.57,2010,11,9,7.420137112487124,6.243179824731502,-1.1769572877556207
340600,54429.0,117.95,40.2,2015,11,23,-7.527231892931394,-2.7690597599619973,4.758172132969398
117327,53599.0,114.68,39.37,2007,5,18,9.342464672115527,10.211145192860894,0.8686805207453663
394342,54511.0,116.47,39.8,2017,12,21,-1.3750497205568204,-1.9772470842731693,-0.6021973637163491
85028,58011.0,116.07,34.8,2005,3,26,10.650583212097656,11.494455817039167,0.8438726049415131
166982,58038.0,118.78,34.08,2008,10,9,20.279836906285947,19.360622998464613,-0.9192139078213302
474624,54615.0,116.85,38.58,2020,5,2,25.31530607461371,24.14492077460721,-1.1703853000064974
335768,53790.0,114.6,37.63,2015,4,27,21.172509112977966,20.83542837493017,-0.337080738047792
415199,53794.0,114.75,37.35,2018,12,13,-6.135742010043115,-4.469084539413408,1.6666574706297084
472033,54515.0,116.7,39.5,2020,9,20,19.82818715534828,20.276367940613845,0.4481807852655706
197908,53889.0,113.87,36.07,2010,12,19,1.7976084388941322,0.2095899980099554,-1.5880184408841769
426219,54710.0,116.17,37.87,2018,3,29,8.842890977528008,10.618898340196765,1.7760073626687571
172708,53979.0,113.08,35.15,2009,6,12,25.51567217621761,23.740905001608887,-1.7747671746087264
138467,54920.0,117.28,35.65,2007,8,11,27.299343587600088,27.16032038455501,-0.1390232030450704
120304,53883.0,114.7,37.13,2007,3,5,-3.157144566199152,-3.5817451979830497,-0.424600631783898
387978,53788.0,113.57,37.33,2017,9,1,15.087312481740284,15.261924181849608,0.1746117001093239
223840,53786.0,113.33,37.08,2011,11,27,3.3943407403741386,2.186203017451851,-1.2081377229222876
392144,54412.0,116.63,40.73,2017,3,6,-5.276802487278003,-3.108127153345265,2.1686753339327383
10519,54432.0,118.47,40.62,2003,10,15,7.455115103562639,6.862265611383003,-0.5928494921796377
385887,53590.0,114.27,39.75,2017,1,29,-12.731326715009413,-11.309685064820592,1.4216416501888194
38408,53882.0,113.03,36.07,2004,9,17,18.12837616107789,16.88465939939307,-1.2437167616848228
384389,58045.0,119.6,34.2,2016,11,21,12.951061058596103,11.688870052700208,-1.2621910058958952
389974,53898.0,114.13,36.05,2017,9,10,22.338048560838253,22.48526201057476,0.1472134497365118
61647,58025.0,117.73,34.57,2004,8,21,23.693232759502106,23.46477235548429,-0.2284604040178131
98840,54534.0,118.1,39.65,2006,12,7,-4.254142180926056,-2.9507498949135944,1.3033922860124618
185163,54818.0,116.42,36.25,2009,6,9,23.99974953912148,23.095696973207048,-0.9040525659144264
464575,53691.0,114.57,38.15,2020,8,24,27.691613333979785,27.34710176016509,-0.3445115738146889
168734,53594.0,114.18,39.45,2009,2,2,-4.6933560630707785,-4.460174462581625,0.2331816004891536
344328,54601.0,115.65,38.98,2015,11,15,8.561948896942134,8.950815669407675,0.3888667724655406
391456,53998.0,114.65,35.2,2017,8,24,30.016875526698406,30.18371052336309,0.1668349966646793
44279,54510.0,116.95,39.92,2004,3,5,-3.648321859528677,-2.602940094928894,1.0453817645997825
407832,57081.0,113.43,34.8,2017,7,4,30.922777592554954,29.606866238280283,-1.3159113542746752
465581,53785.0,114.67,37.52,2020,11,4,5.934532461653539,7.634776584462606,1.7002441228090657
273298,54935.0,118.43,35.53,2012,2,22,5.345732966647778,1.8264985800401825,-3.519234386607596
246886,58013.0,116.9,34.75,2011,1,25,-3.87634434307355,-4.793807182500075,-0.9174628394265238
196213,53782.0,113.62,37.93,2010,10,19,8.607646147523718,6.174412959469008,-2.433233188054711
110742,54921.0,116.33,35.42,2006,12,29,-4.081032751137082,-4.746247588283119,-0.6652148371460367
334197,53690.0,114.18,38.85,2015,4,18,12.941413973317268,11.9806395585859,-0.9607744147313664
362971,53791.0,114.5,37.8,2016,9,24,22.97154221674393,22.56075704143,-0.4107851753139329
133140,54749.0,119.95,37.18,2007,4,28,14.203236633836145,17.216250303653297,3.013013669817152
475058,54621.0,115.18,38.18,2020,4,9,6.100623139543579,7.815601851634349,1.7149787120907698
183229,54732.0,118.52,37.87,2009,6,2,20.777816849453977,21.346298414027967,0.5684815645739859
239959,54821.0,117.2,37.0,2011,7,15,27.99851323803328,27.77512986471283,-0.223383373320452
93500,53991.0,114.33,35.92,2006,10,3,20.10113345785872,19.709803677543945,-0.3913297803147806
371098,54608.0,115.55,38.0,2016,2,13,1.4170844974892431,-0.6798939912550555,-2.0969784887442984
137355,54905.0,115.93,35.58,2007,3,17,5.68273496537251,6.250161503755982,0.5674265383834731
194791,53681.0,113.37,38.83,2010,12,8,-3.807305502572637,-6.446939535809754,-2.639634033237117
337824,53974.0,114.23,35.6,2015,4,11,15.023365525592697,12.45623851665434,-2.567127008938357
238811,54805.0,115.47,36.45,2011,5,31,23.43693721600304,22.91434011286221,-0.5225971031408251
463988,53599.0,114.68,39.37,2020,1,15,-12.544049007298405,-12.296646433650723,0.2474025736476832
204242,54529.0,117.82,39.35,2010,6,9,22.72364633040396,21.6167088414356,-1.10693748896837
331974,58048.0,119.35,34.12,2014,12,23,1.1743094444673152,1.1675658401391418,-0.0067436043281734
43951,54503.0,115.82,39.07,2004,7,2,26.27780029586552,27.045109717419265,0.7673094215537368
105223,54759.0,120.85,37.32,2006,2,15,1.1561331262083634,1.7379039463013577,0.5817708200929943
118486,53697.0,114.83,38.03,2007,8,23,26.31779342956933,26.65586683360616,0.3380734040368338
233914,54615.0,116.85,38.58,2011,6,25,22.7555464273102,22.688519308031456,-0.0670271192787446
398279,54627.0,117.23,38.03,2017,12,8,-2.546246144405986,-2.844684564469841,-0.2984384200638557
380834,54940.0,119.2,35.75,2016,12,23,-1.4191289578078314,-1.7634944884929045,-0.344365530685073
428223,54759.0,120.85,37.32,2018,5,4,14.06102686299759,15.829155074870329,1.7681282118727406
311498,53979.0,113.08,35.15,2014,3,16,14.254905968435583,13.238207194016535,-1.0166987744190497
191335,58006.0,115.88,34.38,2009,1,11,-5.269378064163255,-5.291210614951784,-0.0218325507885293
149912,54405.0,115.5,40.42,2008,12,6,-9.304967250446293,-10.387290192131834,-1.0823229416855416
206342,54617.0,116.17,38.2,2010,11,29,0.503265508826206,0.0315073228559832,-0.4717581859702227
387511,53780.0,113.15,37.9,2017,3,11,0.265478424180846,-0.5552475050451942,-0.8207259292260402
194825,53681.0,113.37,38.83,2010,11,16,-5.342876056845749,-4.157833639037902,1.1850424178078471
55741,54852.0,120.73,36.97,2004,4,21,20.20731027216339,22.36982481570523,2.162514543541832
272487,54919.0,116.98,35.38,2012,6,26,25.8397023424936,25.893502041309727,0.0537996988161246
407208,54932.0,118.65,35.77,2017,8,15,26.570635118643214,26.866651727733725,0.2960166090905183
45541,54529.0,117.82,39.35,2004,10,16,13.442336506052762,13.574160638860118,0.1318241328073579
309425,53791.0,114.5,37.8,2014,10,24,14.732705604786943,15.901484012322076,1.1687784075351306
247749,58030.0,118.02,34.88,2011,1,30,-6.946709529334209,-6.075385360055507,0.8713241692787008
332189,53481.0,113.22,40.8,2015,12,14,-10.237984599758835,-11.278173760592466,-1.0401891608336291
309349,53790.0,114.6,37.63,2014,6,8,22.963153207251345,23.67978260970646,0.7166294024551156
145483,53693.0,114.13,38.03,2008,10,9,14.259066256579132,15.636082019857016,1.3770157632778854
355189,54929.0,117.97,35.27,2015,5,21,18.09560139031676,18.51422628169868,0.418624891381917
232660,54594.0,116.35,39.72,2011,9,9,17.759984860680138,19.926288896157278,2.166304035477136
431109,54843.0,119.2,36.75,2018,3,16,-0.4996225292405651,2.994783496859053,3.494406026099618
341487,54455.0,120.65,40.62,2015,2,6,-7.131080318345685,-4.360446384232792,2.7706339341128934
250217,53596.0,115.13,38.85,2012,5,8,20.105447854622028,21.267639003116265,1.1621911484942338
151072,54434.0,118.33,40.17,2008,7,17,26.921132743141488,25.30869033584052,-1.612442407300971
424826,54626.0,115.82,38.42,2018,9,9,20.78315208791436,21.1480759719352,0.3649238840208397
184066,54801.0,115.48,36.85,2009,9,17,22.13230501392816,21.459310697530423,-0.672994316397741
224962,53883.0,114.7,37.13,2011,4,19,12.589101293785806,11.351529566683473,-1.237571727102333
266406,54732.0,118.52,37.87,2012,6,29,23.27703745899177,25.338970195881146,2.061932736889375
62454,58044.0,119.23,34.55,2004,7,10,27.241850366909127,27.077016050494827,-0.1648343164142964
228562,54420.0,117.33,40.93,2011,6,9,21.5537947648862,20.196159049864363,-1.3576357150218357
476663,54710.0,116.17,37.87,2020,2,18,2.040431490280045,0.4070780840230447,-1.633353406257
109879,54910.0,116.05,35.82,2006,5,7,20.57632983314988,20.500438795692887,-0.0758910374569943
381411,57085.0,113.33,34.53,2016,12,4,8.62343048647987,8.339510681266173,-0.2839198052136975
3807,53783.0,113.72,37.6,2003,9,22,17.841484531367488,17.17794787508051,-0.6635366562869791
78256,54804.0,115.18,36.3,2005,4,12,11.925434903406384,11.837185422688176,-0.0882494807182077
99055,54540.0,119.2,39.73,2006,12,26,-1.7247157408663707,-1.718860528239019,0.0058552126273516
157653,54725.0,117.53,37.5,2008,5,23,25.99280295645804,25.589601409496943,-0.4032015469610997
89571,53773.0,114.62,36.33,2006,3,1,0.8615220141464119,0.1477640878267405,-0.7137579263196714
188093,54910.0,116.05,35.82,2009,6,10,22.84886439037351,23.928371210547738,1.0795068201742308
91559,53886.0,113.67,36.57,2006,8,19,23.81755995956661,24.997503275158344,1.1799433155917356
373873,54715.0,116.52,37.32,2016,10,23,9.265836690052158,8.550061058823163,-0.7157756312289933
155922,54633.0,115.27,37.5,2008,4,2,8.85909076980365,9.4250311748902,0.5659404050865486
284032,53984.0,113.47,35.23,2013,7,28,31.84379226769737,31.577750806960765,-0.2660414607366093
452782,54730.0,118.13,37.7,2019,5,3,18.897236478214943,18.441718745436575,-0.455517732778361
40912,53995.0,114.5,35.55,2004,1,18,-5.089645939102674,-4.940310636583657,0.1493353025190167
229010,54429.0,117.95,40.2,2011,6,21,27.06678830924436,26.444899050255923,-0.6218892589884462
312756,53998.0,114.65,35.2,2014,11,5,11.22878489107241,11.029578980841665,-0.199205910230745
173308,53988.0,113.67,35.27,2009,6,27,29.589189066128807,29.96637458829505,0.377185522166247
388504,53796.0,114.88,37.62,2017,6,20,27.00284106331087,27.00805399927637,0.0052129359655062
377529,54831.0,118.5,36.65,2016,6,16,24.55755745548557,25.127632278582706,0.5700748230971371
81156,54901.0,115.17,36.08,2005,7,10,28.22718163308917,27.453377717354428,-0.7738039157347458
487172,58035.0,118.35,34.33,2020,8,8,30.173902940161557,29.60397392768464,-0.5699290124769051
344721,54607.0,115.12,38.72,2015,4,8,5.87316736167462,6.905072179468463,1.0319048177938432
85199,58015.0,116.33,34.45,2005,6,15,25.30599257460557,25.86195625311553,0.5559636785099649
7706,53987.0,113.35,35.1,2003,7,10,24.88184637306805,25.7627588766308,0.880912503562751
2244,53687.0,113.63,37.78,2003,9,8,21.32754908170706,18.176123736641213,-3.1514253450658463
159427,54809.0,115.28,36.55,2008,5,28,21.717188152597537,22.361650365761765,0.6444622131642355
326337,54905.0,115.93,35.58,2014,8,10,24.10140923000456,25.977516432414927,1.876107202410364
107586,54831.0,118.5,36.65,2006,1,27,-0.0899041428213196,-1.5239376083956249,-1.4340334655743052
175586,54434.0,118.33,40.17,2009,10,25,14.55433310036424,10.66399027418716,-3.8903428261770783
215379,54917.0,116.33,35.13,2010,6,9,20.482619016646822,22.618373323087567,2.1357543064407487
196718,53790.0,114.6,37.63,2010,1,25,-5.087219052714183,-3.2357756210585182,1.8514434316556647
429296,54815.0,116.27,36.38,2018,7,2,27.434082209397094,27.841038120100727,0.4069559107036333
329229,57091.0,114.3,34.78,2014,1,30,4.878881695357106,3.1869926170901937,-1.6918890782669127
71997,54521.0,116.98,39.7,2005,1,24,-4.660234564991665,-4.39464453786179,0.2655900271298748
42736,54430.0,118.22,40.78,2004,4,16,14.018051710811678,15.744918321054111,1.7268666102424357
102752,54708.0,115.73,37.5,2006,9,23,21.59568727652816,20.9219335842932,-0.6737536922349641
446580,54503.0,115.82,39.07,2019,6,26,27.06823689866712,25.943236267617504,-1.1250006310496197
35812,53687.0,113.63,37.78,2004,1,22,-10.476102499987965,-10.585653968657612,-0.1095514686696486
315753,54513.0,116.2,39.95,2014,7,18,30.749870160885774,29.84690453056441,-0.9029656303213612
376851,54821.0,117.2,37.0,2016,12,11,-0.2487790744297188,-0.6927889265272612,-0.4440098520975424
463199,53492.0,114.15,40.1,2020,1,20,-11.8673629178385,-9.797139772484336,2.0702231453541646
118569,53699.0,114.95,38.18,2007,10,25,13.616821256397312,13.883284298619248,0.2664630422219361
270050,54837.0,118.83,36.68,2012,5,3,22.413633645335803,21.75794747756468,-0.6556861677711261
471205,54499.0,116.22,40.22,2020,1,10,-2.62478805044189,-3.037167587128073,-0.4123795366861839
97786,54520.0,117.08,39.97,2006,7,16,29.32452141017757,27.05563598254105,-2.2688854276365227
389987,53898.0,114.13,36.05,2017,10,2,19.50044032328023,18.93373251127442,-0.5667078120058093
213133,54836.0,118.17,36.18,2010,5,28,19.823350639675432,20.52494350344706,0.7015928637716264
186875,54846.0,119.73,36.38,2009,12,7,2.160794270434012,2.111193287926568,-0.0496009825074437
403137,54820.0,115.2,36.82,2017,2,28,7.0814912562864185,6.73714552218855,-0.3443457340978666
6172,53892.0,114.47,36.62,2003,12,20,-0.4434926096335572,-1.7276691381727434,-1.2841765285391862
439577,53685.0,113.42,38.07,2019,11,4,7.660243983346306,7.497022051864968,-0.1632219314813383
487284,58036.0,118.72,34.55,2020,7,9,24.98988105790575,26.340138632033128,1.350257574127383
13548,54527.0,117.05,39.08,2003,1,15,-4.676548994179669,-2.9952916883050835,1.6812573058745852
218123,58002.0,115.58,34.85,2010,12,26,-4.855896322935409,-3.0889598535214025,1.7669364694140062
282209,53878.0,113.38,36.52,2013,3,16,5.412225752432659,5.7728207186345255,0.3605949662018668
50741,54723.0,117.57,37.65,2004,8,8,31.31059665538749,31.24729833096973,-0.0632983244177616
338963,53994.0,114.07,35.38,2015,8,23,25.742771543183714,25.245717460112004,-0.4970540830717098
353573,54904.0,115.52,35.58,2015,11,19,6.840140041274933,6.695988143778187,-0.1441518974967435
340682,54430.0,118.22,40.78,2015,11,5,2.3385542107495594,2.584079399530446,0.2455251887808867
462970,53488.0,113.58,40.03,2020,10,28,-0.9295036718000173,-0.4846137466904378,0.4448899251095795
20746,54734.0,118.0,37.35,2003,11,3,7.625941240803138,6.688860152348492,-0.9370810884546454
344661,54606.0,115.73,38.23,2015,7,16,24.36660894908939,24.11555808445232,-0.2510508646370653
350219,54808.0,115.63,36.23,2015,7,9,26.25225967770581,26.60336098671657,0.3511013090107653
66008,53791.0,114.5,37.8,2005,10,5,16.89964160172404,17.227623349271845,0.3279817475478062
